-- --------------------------------------------------------
-- Host:                         127.0.0.1
-- Versión del servidor:         10.1.25-MariaDB - mariadb.org binary distribution
-- SO del servidor:              Win32
-- HeidiSQL Versión:             9.3.0.4984
-- --------------------------------------------------------

/*!40101 SET @OLD_CHARACTER_SET_CLIENT=@@CHARACTER_SET_CLIENT */;
/*!40101 SET NAMES utf8mb4 */;
/*!40014 SET @OLD_FOREIGN_KEY_CHECKS=@@FOREIGN_KEY_CHECKS, FOREIGN_KEY_CHECKS=0 */;
/*!40101 SET @OLD_SQL_MODE=@@SQL_MODE, SQL_MODE='NO_AUTO_VALUE_ON_ZERO' */;

-- Volcando estructura para tabla fonjuprof.asociado
CREATE TABLE IF NOT EXISTS `asociado` (
  `asoc_codigo` int(11) NOT NULL AUTO_INCREMENT,
  `asoc_cedula` bigint(20) NOT NULL,
  `asoc_fecnac` date NOT NULL,
  `asoc_nomcodigo` int(11) NOT NULL,
  `asoc_viccodigo` int(11) NOT NULL,
  `asoc_condcodigo` int(11) NOT NULL,
  `asoc_banco` int(11) NOT NULL,
  `asoc_cuenta` text NOT NULL,
  `asoc_nombres` varchar(250) NOT NULL,
  `asoc_apellidos` varchar(250) NOT NULL,
  `asoc_telefono` varchar(250) NOT NULL,
  `asoc_direccion` varchar(250) NOT NULL,
  `asoc_correo` varchar(250) NOT NULL,
  `asoc_fecing` date NOT NULL,
  `asoc_status` int(1) NOT NULL,
  PRIMARY KEY (`asoc_codigo`),
  UNIQUE KEY `asoc_cedula1` (`asoc_nomcodigo`,`asoc_cedula`),
  KEY `asoc_cedula` (`asoc_cedula`),
  KEY `asoc_nomcodigo` (`asoc_nomcodigo`),
  KEY `FK_asociado_vicerrectorado` (`asoc_viccodigo`),
  KEY `FK_asociado_config_condicion` (`asoc_condcodigo`),
  KEY `FK_asociado_config_banco` (`asoc_banco`),
  CONSTRAINT `FK_asociado_config_banco` FOREIGN KEY (`asoc_banco`) REFERENCES `config_banco` (`ban_codigo`),
  CONSTRAINT `FK_asociado_config_condicion` FOREIGN KEY (`asoc_condcodigo`) REFERENCES `config_condicion` (`cond_codigo`),
  CONSTRAINT `FK_asociado_config_nomina` FOREIGN KEY (`asoc_nomcodigo`) REFERENCES `config_nomina` (`nom_codigo`),
  CONSTRAINT `FK_asociado_vicerrectorado` FOREIGN KEY (`asoc_viccodigo`) REFERENCES `config_vicerrectorado` (`vic_codigo`)
) ENGINE=InnoDB AUTO_INCREMENT=7 DEFAULT CHARSET=utf8;

-- Volcando datos para la tabla fonjuprof.asociado: ~0 rows (aproximadamente)
/*!40000 ALTER TABLE `asociado` DISABLE KEYS */;
INSERT INTO `asociado` (`asoc_codigo`, `asoc_cedula`, `asoc_fecnac`, `asoc_nomcodigo`, `asoc_viccodigo`, `asoc_condcodigo`, `asoc_banco`, `asoc_cuenta`, `asoc_nombres`, `asoc_apellidos`, `asoc_telefono`, `asoc_direccion`, `asoc_correo`, `asoc_fecing`, `asoc_status`) VALUES
	(6, 12345, '1989-06-15', 1, 2, 1, 1, '01750565600325646', 'GABRIEL ANATOLY', 'ROJAS', '04124289536', 'LA PAZ', 'KARPOFV.89@GMAIL.COM', '2017-09-25', 1);
/*!40000 ALTER TABLE `asociado` ENABLE KEYS */;


-- Volcando estructura para tabla fonjuprof.config_amort
CREATE TABLE IF NOT EXISTS `config_amort` (
  `amort_codigo` int(11) NOT NULL AUTO_INCREMENT,
  `amort_descripcion` varchar(250) NOT NULL,
  PRIMARY KEY (`amort_codigo`),
  UNIQUE KEY `amort_descripcionv` (`amort_descripcion`)
) ENGINE=InnoDB AUTO_INCREMENT=6 DEFAULT CHARSET=utf8;

-- Volcando datos para la tabla fonjuprof.config_amort: ~4 rows (aproximadamente)
/*!40000 ALTER TABLE `config_amort` DISABLE KEYS */;
INSERT INTO `config_amort` (`amort_codigo`, `amort_descripcion`) VALUES
	(1, 'cuotas mensuales'),
	(2, 'cuotas quincenales'),
	(5, 'mixto');
/*!40000 ALTER TABLE `config_amort` ENABLE KEYS */;


-- Volcando estructura para tabla fonjuprof.config_banco
CREATE TABLE IF NOT EXISTS `config_banco` (
  `ban_codigo` int(11) NOT NULL AUTO_INCREMENT,
  `ban_descripcion` varchar(250) NOT NULL,
  PRIMARY KEY (`ban_codigo`),
  UNIQUE KEY `ban_descripcion` (`ban_descripcion`)
) ENGINE=InnoDB AUTO_INCREMENT=2 DEFAULT CHARSET=utf8;

-- Volcando datos para la tabla fonjuprof.config_banco: ~2 rows (aproximadamente)
/*!40000 ALTER TABLE `config_banco` DISABLE KEYS */;
INSERT INTO `config_banco` (`ban_codigo`, `ban_descripcion`) VALUES
	(1, 'VENEZUELA');
/*!40000 ALTER TABLE `config_banco` ENABLE KEYS */;


-- Volcando estructura para tabla fonjuprof.config_condicion
CREATE TABLE IF NOT EXISTS `config_condicion` (
  `cond_codigo` int(11) NOT NULL AUTO_INCREMENT,
  `cond_descripcion` varchar(50) COLLATE utf8_bin NOT NULL,
  PRIMARY KEY (`cond_codigo`),
  UNIQUE KEY `cond_descripcion` (`cond_descripcion`)
) ENGINE=InnoDB AUTO_INCREMENT=4 DEFAULT CHARSET=utf8 COLLATE=utf8_bin;

-- Volcando datos para la tabla fonjuprof.config_condicion: ~3 rows (aproximadamente)
/*!40000 ALTER TABLE `config_condicion` DISABLE KEYS */;
INSERT INTO `config_condicion` (`cond_codigo`, `cond_descripcion`) VALUES
	(1, 'ACTIVO'),
	(2, 'JUBILADO'),
	(3, 'PENSIONADO');
/*!40000 ALTER TABLE `config_condicion` ENABLE KEYS */;


-- Volcando estructura para tabla fonjuprof.config_estado
CREATE TABLE IF NOT EXISTS `config_estado` (
  `est_codigo` int(11) NOT NULL AUTO_INCREMENT,
  `est_descripcion` varchar(250) NOT NULL,
  PRIMARY KEY (`est_codigo`),
  UNIQUE KEY `ciu_descripcion` (`est_descripcion`)
) ENGINE=InnoDB AUTO_INCREMENT=26 DEFAULT CHARSET=utf8;

-- Volcando datos para la tabla fonjuprof.config_estado: ~25 rows (aproximadamente)
/*!40000 ALTER TABLE `config_estado` DISABLE KEYS */;
INSERT INTO `config_estado` (`est_codigo`, `est_descripcion`) VALUES
	(2, 'AMAZONAS'),
	(3, 'ANZOÁTEGUI'),
	(4, 'APURE'),
	(5, 'ARAGUA'),
	(6, 'BARINAS'),
	(7, 'BOLÍVAR'),
	(8, 'CARABOBO'),
	(9, 'COJEDES'),
	(10, 'DELTA AMACURO'),
	(25, 'DEPENDENCIAS FEDERALES'),
	(1, 'DISTRITO CAPITAL'),
	(11, 'FALCÓN'),
	(12, 'GUÁRICO'),
	(13, 'LARA'),
	(14, 'MÉRIDA'),
	(15, 'MIRANDA'),
	(16, 'MONAGAS'),
	(17, 'NUEVA ESPARTA'),
	(18, 'PORTUGUESA'),
	(19, 'SUCRE'),
	(20, 'TÁCHIRA'),
	(21, 'TRUJILLO'),
	(24, 'VARGAS'),
	(22, 'YARACUY'),
	(23, 'ZULIA');
/*!40000 ALTER TABLE `config_estado` ENABLE KEYS */;


-- Volcando estructura para tabla fonjuprof.config_municipio
CREATE TABLE IF NOT EXISTS `config_municipio` (
  `mun_codigo` int(11) NOT NULL AUTO_INCREMENT,
  `mun_estcodigo` int(11) NOT NULL,
  `mun_descripcion` varchar(250) NOT NULL,
  PRIMARY KEY (`mun_codigo`),
  UNIQUE KEY `mun_estcodigo` (`mun_descripcion`,`mun_estcodigo`),
  KEY `FK_config_municipio_config_estado` (`mun_estcodigo`),
  CONSTRAINT `FK_config_municipio_config_estado` FOREIGN KEY (`mun_estcodigo`) REFERENCES `config_estado` (`est_codigo`)
) ENGINE=InnoDB AUTO_INCREMENT=336 DEFAULT CHARSET=utf8;

-- Volcando datos para la tabla fonjuprof.config_municipio: ~335 rows (aproximadamente)
/*!40000 ALTER TABLE `config_municipio` DISABLE KEYS */;
INSERT INTO `config_municipio` (`mun_codigo`, `mun_estcodigo`, `mun_descripcion`) VALUES
	(177, 15, 'municipio acevedo'),
	(30, 4, 'municipio achaguas'),
	(105, 11, 'municipio acosta'),
	(198, 16, 'municipio acosta'),
	(222, 18, 'municipio agua blanca'),
	(199, 16, 'municipio aguasay'),
	(154, 14, 'municipio alberto adriani '),
	(55, 6, 'municipio alberto arvelo torrealba'),
	(314, 23, 'municipio almirante padilla'),
	(9, 3, 'municipio anaco'),
	(155, 14, 'municipio andrés bello'),
	(178, 15, 'municipio andrés bello'),
	(251, 20, 'municipio andrés bello'),
	(280, 21, 'municipio andrés bello'),
	(66, 6, 'municipio andrés eloy blanco'),
	(145, 13, 'municipio andrés eloy blanco'),
	(236, 19, 'municipio andrés eloy blanco'),
	(237, 19, 'municipio andrés mata'),
	(211, 17, 'municipio antolín del campo'),
	(101, 10, 'municipio antonio díaz'),
	(56, 6, 'municipio antonio josé de sucre'),
	(156, 14, 'municipio antonio pinto salinas'),
	(252, 20, 'municipio antonio rómulo costa'),
	(92, 9, 'municipio anzoátegui'),
	(10, 3, 'municipio aragua'),
	(223, 18, 'municipio araure'),
	(157, 14, 'municipio aricagua '),
	(57, 6, 'municipio arismendi'),
	(212, 17, 'municipio arismendi'),
	(238, 19, 'municipio arismendi'),
	(300, 22, 'municipio arístides bastidas'),
	(158, 14, 'municipio arzobispo chacón'),
	(2, 2, 'municipio autónomo alto orinoco'),
	(3, 2, 'municipio autónomo atabapo'),
	(4, 2, 'municipio autónomo atures'),
	(5, 2, 'municipio autónomo autana'),
	(7, 2, 'municipio autónomo manapiare'),
	(6, 2, 'municipio autónomo maroa'),
	(8, 2, 'municipio autónomo río negro'),
	(253, 20, 'municipio ayacucho'),
	(315, 23, 'municipio baralt'),
	(58, 6, 'municipio barinas'),
	(179, 15, 'municipio baruta'),
	(78, 8, 'municipio bejuma'),
	(239, 19, 'municipio benítez'),
	(240, 19, 'municipio bermúdez'),
	(31, 4, 'municipio biruaca'),
	(281, 21, 'municipio boconó'),
	(37, 5, 'municipio bolívar'),
	(59, 6, 'municipio bolívar'),
	(106, 11, 'municipio bolívar'),
	(200, 16, 'municipio bolívar'),
	(241, 19, 'municipio bolívar'),
	(254, 20, 'municipio bolívar'),
	(282, 21, 'municipio bolívar'),
	(301, 22, 'municipio bolívar'),
	(180, 15, 'municipio brión'),
	(302, 22, 'municipio bruzual'),
	(107, 11, 'municipio buchivacoa'),
	(181, 15, 'municipio buroz'),
	(316, 23, 'municipio cabimas'),
	(108, 11, 'municipio cacique manaure'),
	(242, 19, 'municipio cajigal'),
	(130, 12, 'municipio camaguán'),
	(38, 5, 'municipio camatagua'),
	(159, 14, 'municipio campo elías '),
	(283, 21, 'municipio candelaria'),
	(160, 14, 'municipio caracciolo parra olmedo '),
	(284, 21, 'municipio carache'),
	(161, 14, 'municipio cardenal quintero '),
	(255, 20, 'municipio cárdenas'),
	(201, 16, 'municipio caripe'),
	(109, 11, 'municipio carirubana'),
	(79, 8, 'municipio carlos arvelo'),
	(67, 7, 'municipio caroní'),
	(182, 15, 'municipio carrizal '),
	(102, 10, 'municipio casacoima'),
	(317, 23, 'municipio catatumbo'),
	(68, 7, 'municipio cedeño'),
	(202, 16, 'municipio cedeño'),
	(183, 15, 'municipio chacao'),
	(131, 12, 'municipio chaguaramas'),
	(303, 22, 'municipio cocorote'),
	(110, 11, 'municipio colina'),
	(318, 23, 'municipio colón'),
	(256, 20, 'municipio córdoba'),
	(146, 13, 'municipio crespo'),
	(184, 15, 'municipio cristóbal rojas'),
	(60, 6, 'municipio cruz paredes'),
	(243, 19, 'municipio cruz salmerón acosta'),
	(111, 11, 'municipio dabajuro'),
	(112, 11, 'municipio democracia'),
	(213, 17, 'municipio díaz'),
	(80, 8, 'municipio diego ibarra'),
	(69, 7, 'municipio el callao'),
	(185, 15, 'municipio el hatillo'),
	(132, 12, 'municipio el socorro'),
	(285, 21, 'municipio escuque'),
	(224, 18, 'municipio esteller'),
	(61, 6, 'municipio ezequiel zamora'),
	(203, 16, 'municipio ezequiel zamora'),
	(93, 9, 'municipio falcón'),
	(113, 11, 'municipio falcón'),
	(114, 11, 'municipio federación'),
	(257, 20, 'municipio fernández feo'),
	(11, 3, 'municipio fernando de peñalver'),
	(13, 3, 'municipio francisco de miranda'),
	(137, 12, 'municipio francisco de miranda'),
	(258, 20, 'municipio francisco de miranda'),
	(12, 3, 'municipio francisco del carmen carvajal'),
	(319, 23, 'municipio francisco javier pulgar'),
	(53, 5, 'municipio francisco linares alcántara'),
	(214, 17, 'municipio garcía'),
	(259, 20, 'municipio garcía de hevia'),
	(39, 5, 'municipio girardot '),
	(94, 9, 'municipio girardot'),
	(215, 17, 'municipio gómez'),
	(70, 7, 'municipio gran sabana'),
	(81, 8, 'municipio guacara'),
	(186, 15, 'municipio guaicaipuro'),
	(225, 18, 'municipio guanare'),
	(226, 18, 'municipio guanarito'),
	(14, 3, 'municipio guanta'),
	(162, 14, 'municipio guaraque '),
	(260, 20, 'municipio guásimos'),
	(71, 7, 'municipio heres'),
	(15, 3, 'municipio independencia'),
	(187, 15, 'municipio independencia'),
	(261, 20, 'municipio independencia'),
	(304, 22, 'municipio independencia'),
	(147, 13, 'municipio iribarren'),
	(115, 11, 'municipio jacura'),
	(262, 20, 'municipio jáuregui'),
	(320, 23, 'municipio jesús enrique lossada'),
	(321, 23, 'municipio jesús maría semprúm'),
	(148, 13, 'municipio jiménez'),
	(40, 5, 'municipio josé angel lamas'),
	(305, 22, 'municipio josé antonio páez'),
	(286, 21, 'municipio josé felipe márquez cañizales'),
	(41, 5, 'municipio josé félix ribas'),
	(140, 12, 'municipio josé félix ribas'),
	(18, 3, 'municipio josé gregorio monagas'),
	(263, 20, 'municipio josé maría vargas'),
	(42, 5, 'municipio josé rafael revenga'),
	(138, 12, 'municipio josé tadeo monagas'),
	(16, 3, 'municipio juan antonio sotillo'),
	(141, 12, 'municipio juan germán roscio'),
	(82, 8, 'municipio juan josé mora'),
	(17, 3, 'municipio juan manuel cajigal'),
	(287, 21, 'municipio juan vicente campo elías'),
	(136, 12, 'municipio julián mellado'),
	(163, 14, 'municipio julio césar salas '),
	(264, 20, 'municipio junín'),
	(164, 14, 'municipio justo briceño'),
	(322, 23, 'municipio la cañada de urdaneta'),
	(288, 21, 'municipio la ceiba'),
	(306, 22, 'municipio la trinidad'),
	(323, 23, 'municipio lagunillas'),
	(188, 15, 'municipio lander'),
	(135, 12, 'municipio las mercedes'),
	(134, 12, 'municipio leonardo infante'),
	(19, 3, 'municipio libertad'),
	(265, 20, 'municipio libertad'),
	(1, 1, 'municipio libertador'),
	(43, 5, 'municipio libertador'),
	(83, 8, 'municipio libertador'),
	(165, 14, 'municipio libertador '),
	(204, 16, 'municipio libertador'),
	(244, 19, 'municipio libertador'),
	(266, 20, 'municipio libertador'),
	(95, 9, 'municipio lima blanco'),
	(267, 20, 'municipio lobatera'),
	(84, 8, 'municipio los guayos'),
	(189, 15, 'municipio los salias'),
	(116, 11, 'municipio los taques'),
	(324, 23, 'municipio machiques de perijá'),
	(216, 17, 'municipio maneiro'),
	(20, 3, 'municipio manuel ezequiel bruzual'),
	(307, 22, 'municipio manuel monge'),
	(325, 23, 'municipio mara'),
	(326, 23, 'municipio maracaibo'),
	(217, 17, 'municipio marcano'),
	(218, 17, 'municipio mariño'),
	(245, 19, 'municipio mariño'),
	(44, 5, 'municipio mario briceño iragorry'),
	(205, 16, 'municipio maturín'),
	(117, 11, 'municipio mauroa'),
	(246, 19, 'municipio mejía'),
	(268, 20, 'municipio michelena'),
	(85, 8, 'municipio miranda'),
	(118, 11, 'municipio miranda'),
	(166, 14, 'municipio miranda'),
	(289, 21, 'municipio miranda'),
	(327, 23, 'municipio miranda'),
	(119, 11, 'municipio monseñor iturriza'),
	(227, 18, 'municipio monseñor josé vicente de unda'),
	(86, 8, 'municipio montalbán'),
	(290, 21, 'municipio monte carmelo'),
	(247, 19, 'municipio montes'),
	(149, 13, 'municipio morán'),
	(291, 21, 'municipio motatán'),
	(32, 4, 'municipio muñoz'),
	(87, 8, 'municipio naguanagua'),
	(308, 22, 'municipio nirgua'),
	(167, 14, 'municipio obispo ramos de lora '),
	(62, 6, 'municipio obispos'),
	(54, 5, 'municipio ocumare de la costa de oro'),
	(139, 12, 'municipio ortiz'),
	(228, 18, 'municipio ospino'),
	(168, 14, 'municipio padre noguera '),
	(77, 7, 'municipio padre pedro chien'),
	(33, 4, 'municipio páez'),
	(190, 15, 'municipio páez'),
	(229, 18, 'municipio páez'),
	(328, 23, 'municipio páez'),
	(150, 13, 'municipio palavecino'),
	(120, 11, 'municipio palmasola'),
	(292, 21, 'municipio pampán'),
	(293, 21, 'municipio pampanito'),
	(269, 20, 'municipio panamericano'),
	(96, 9, 'municipio pao de san juan bautista'),
	(230, 18, 'municipio papelón'),
	(191, 15, 'municipio paz castillo'),
	(103, 10, 'municipio pedernales'),
	(63, 6, 'municipio pedraza'),
	(34, 4, 'municipio pedro camejo'),
	(192, 15, 'municipio pedro gual'),
	(21, 3, 'municipio pedro maría freites'),
	(270, 20, 'municipio pedro maría ureña'),
	(144, 12, 'municipio pedro zaraza'),
	(309, 22, 'municipio peña'),
	(219, 17, 'municipio península de macanao'),
	(121, 11, 'municipio petit'),
	(72, 7, 'municipio piar'),
	(206, 16, 'municipio piar'),
	(22, 3, 'municipio píritu'),
	(122, 11, 'municipio píritu'),
	(193, 15, 'municipio plaza'),
	(169, 14, 'municipio pueblo llano '),
	(88, 8, 'municipio puerto cabello'),
	(207, 16, 'municipio punceres'),
	(294, 21, 'municipio rafael rangel'),
	(271, 20, 'municipio rafael urdaneta'),
	(170, 14, 'municipio rangel'),
	(73, 7, 'municipio raúl leoni'),
	(248, 19, 'municipio ribero'),
	(97, 9, 'municipio ricaurte'),
	(171, 14, 'municipio rivas dávila'),
	(64, 6, 'municipio rojas'),
	(35, 4, 'municipio rómulo gallegos'),
	(98, 9, 'municipio rómulo gallegos'),
	(329, 23, 'municipio rosario de perijá'),
	(74, 7, 'municipio roscio'),
	(272, 20, 'municipio samuel darío maldonado'),
	(99, 9, 'municipio san carlos'),
	(45, 5, 'municipio san casimiro'),
	(273, 20, 'municipio san cristóbal'),
	(89, 8, 'municipio san diego'),
	(310, 22, 'municipio san felipe'),
	(36, 4, 'municipio san fernando'),
	(123, 11, 'municipio san francisco'),
	(330, 23, 'municipio san francisco'),
	(231, 18, 'municipio san genaro de boconoito'),
	(133, 12, 'municipio san gerónimo de guayabal'),
	(90, 8, 'municipio san joaquín'),
	(23, 3, 'municipio san josé de guanipa'),
	(142, 12, 'municipio san josé de guaribe'),
	(24, 3, 'municipio san juan de capistrano'),
	(279, 20, 'municipio san judas tadeo'),
	(295, 21, 'municipio san rafael de carvajal'),
	(232, 18, 'municipio san rafael de onoto'),
	(46, 5, 'municipio san sebastián'),
	(25, 3, 'municipio santa ana'),
	(208, 16, 'municipio santa bárbara'),
	(143, 12, 'municipio santa maría de ipire'),
	(331, 23, 'municipio santa rita'),
	(233, 18, 'municipio santa rosalía'),
	(47, 5, 'municipio santiago mariño'),
	(172, 14, 'municipio santos marquina '),
	(48, 5, 'municipio santos michelena'),
	(274, 20, 'municipio seboruco'),
	(75, 7, 'municipio sifontes'),
	(124, 11, 'municipio silva'),
	(26, 3, 'municipio simón bolívar'),
	(194, 15, 'municipio simón bolívar'),
	(332, 23, 'municipio simón bolívar'),
	(151, 13, 'municipio simón planas'),
	(27, 3, 'municipio simón rodríguez'),
	(275, 20, 'municipio simón rodríguez'),
	(28, 3, 'municipio sir arthur mc gregor'),
	(65, 6, 'municipio sosa'),
	(209, 16, 'municipio sotillo'),
	(49, 5, 'municipio sucre'),
	(76, 7, 'municipio sucre'),
	(125, 11, 'municipio sucre'),
	(173, 14, 'municipio sucre'),
	(195, 15, 'municipio sucre'),
	(234, 18, 'municipio sucre'),
	(249, 19, 'municipio sucre'),
	(276, 20, 'municipio sucre'),
	(296, 21, 'municipio sucre'),
	(311, 22, 'municipio sucre'),
	(333, 23, 'municipio sucre'),
	(100, 9, 'municipio tinaco'),
	(126, 11, 'municipio tocópero'),
	(277, 20, 'municipio torbes'),
	(152, 13, 'municipio torres'),
	(50, 5, 'municipio tovar'),
	(174, 14, 'municipio tovar'),
	(297, 21, 'municipio trujillo'),
	(220, 17, 'municipio tubores'),
	(104, 10, 'municipio tucupita'),
	(175, 14, 'municipio tulio febres cordero '),
	(235, 18, 'municipio turén'),
	(29, 3, 'municipio turístico diego bautista urbaneja'),
	(127, 11, 'municipio unión'),
	(312, 22, 'municipio urachiche'),
	(210, 16, 'municipio uracoa'),
	(51, 5, 'municipio urdaneta'),
	(153, 13, 'municipio urdaneta'),
	(196, 15, 'municipio urdaneta'),
	(298, 21, 'municipio urdaneta'),
	(278, 20, 'municipio uribante'),
	(128, 11, 'municipio urumaco'),
	(250, 19, 'municipio valdez'),
	(91, 8, 'municipio valencia'),
	(299, 21, 'municipio valera'),
	(334, 23, 'municipio valmore rodríguez'),
	(335, 24, 'municipio vargas'),
	(313, 22, 'municipio veroes'),
	(221, 17, 'municipio villalba'),
	(52, 5, 'municipio zamora'),
	(129, 11, 'municipio zamora'),
	(197, 15, 'municipio zamora'),
	(176, 14, 'municipio zea');
/*!40000 ALTER TABLE `config_municipio` ENABLE KEYS */;


-- Volcando estructura para tabla fonjuprof.config_nomina
CREATE TABLE IF NOT EXISTS `config_nomina` (
  `nom_codigo` int(11) NOT NULL AUTO_INCREMENT,
  `nom_descripcion` varchar(250) NOT NULL,
  PRIMARY KEY (`nom_codigo`),
  UNIQUE KEY `nom_descripcion` (`nom_descripcion`)
) ENGINE=InnoDB AUTO_INCREMENT=2 DEFAULT CHARSET=utf8;

-- Volcando datos para la tabla fonjuprof.config_nomina: ~2 rows (aproximadamente)
/*!40000 ALTER TABLE `config_nomina` DISABLE KEYS */;
INSERT INTO `config_nomina` (`nom_codigo`, `nom_descripcion`) VALUES
	(1, 'ADMINISTRATIVO ACTIVO');
/*!40000 ALTER TABLE `config_nomina` ENABLE KEYS */;


-- Volcando estructura para tabla fonjuprof.config_parroquia
CREATE TABLE IF NOT EXISTS `config_parroquia` (
  `par_codigo` int(11) NOT NULL AUTO_INCREMENT,
  `par_muncodigo` int(11) NOT NULL,
  `par_descripcion` varchar(250) NOT NULL,
  PRIMARY KEY (`par_codigo`),
  UNIQUE KEY `par_muncodigo` (`par_descripcion`,`par_muncodigo`),
  KEY `FK_config_parroquia_config_municipio` (`par_muncodigo`),
  CONSTRAINT `FK_config_parroquia_config_municipio` FOREIGN KEY (`par_muncodigo`) REFERENCES `config_municipio` (`mun_codigo`)
) ENGINE=InnoDB AUTO_INCREMENT=1001 DEFAULT CHARSET=utf8;

-- Volcando datos para la tabla fonjuprof.config_parroquia: ~961 rows (aproximadamente)
/*!40000 ALTER TABLE `config_parroquia` DISABLE KEYS */;
INSERT INTO `config_parroquia` (`par_codigo`, `par_muncodigo`, `par_descripcion`) VALUES
	(897, 277, 'Parroquia  Torbes '),
	(898, 278, 'Parroquia  Uribante '),
	(22, 1, 'parroquia 23 de enero'),
	(555, 159, 'Parroquia Acequias'),
	(371, 110, 'Parroquia Acurigua'),
	(387, 113, 'Parroquia Adaure'),
	(382, 113, 'Parroquia Adícora'),
	(731, 217, 'Parroquia Adrián'),
	(949, 289, 'Parroquia Agua Caliente'),
	(377, 112, 'Parroquia Agua Clara'),
	(391, 114, 'Parroquia Agua Larga'),
	(396, 115, 'Parroquia Agua Linda'),
	(251, 71, 'parroquia agua salada'),
	(948, 289, 'Parroquia Agua Santa'),
	(507, 150, 'Parroquia Agua Viva'),
	(486, 147, 'Parroquia Aguedo Felipe Alvarado'),
	(729, 216, 'Parroquia Aguirre'),
	(851, 257, 'Parroquia Alberto Adriani'),
	(191, 58, 'parroquia alfredo arvelo larriva'),
	(332, 101, 'parroquia almirante luis brión'),
	(1, 1, 'parroquia altagracia'),
	(243, 68, 'parroquia altagracia'),
	(527, 152, 'Parroquia Altagracia'),
	(826, 249, 'Parroquia Altagracia'),
	(641, 186, 'Parroquia Altagracia de La Montaña'),
	(205, 59, 'parroquia altamira'),
	(471, 143, 'Parroquia Altamira'),
	(200, 58, 'parroquia alto barinas'),
	(694, 205, 'Parroquia Alto de los Godos'),
	(41, 7, 'parroquia alto ventuari'),
	(847, 255, 'Parroquia Amenodoro Rangel Lamús'),
	(184, 56, 'parroquia andrés bello'),
	(261, 72, 'parroquia andrés eloy blanco'),
	(586, 166, 'Parroquia Andrés Eloy Blanco'),
	(977, 297, 'Parroquia Andrés Linares'),
	(2, 1, 'parroquia antímano'),
	(764, 231, 'Parroquia Antolín Tovar'),
	(512, 152, 'Parroquia Antonio Díaz'),
	(785, 238, 'Parroquia Antonio José de Sucre'),
	(939, 286, 'Parroquia Antonio José de Sucre '),
	(970, 295, 'Parroquia Antonio Nicolás Briceño'),
	(838, 252, 'Parroquia Antonio Rómulo Costa'),
	(570, 165, 'Parroquia Antonio Spinetti Dini '),
	(498, 149, 'Parroquia Anzoátegui'),
	(705, 206, 'Parroquia Aparicio'),
	(755, 228, 'Parroquia Aparición'),
	(106, 30, 'parroquia apurito'),
	(357, 106, 'Parroquia Aracua'),
	(904, 280, 'Parroquia Araguaney'),
	(619, 177, 'Parroquia Aragüita'),
	(118, 33, 'parroquia aramendi'),
	(397, 115, 'Parroquia Araurima'),
	(804, 243, 'Parroquia Araya'),
	(816, 247, 'Parroquia Arenas'),
	(684, 202, 'Parroquia Areo'),
	(620, 177, 'Parroquia Arévalo González'),
	(571, 165, 'Parroquia Arias'),
	(817, 247, 'Parroquia Aricagua'),
	(273, 76, 'parroquia aripao'),
	(186, 57, 'parroquia arismendi'),
	(923, 283, 'Parroquia Arnoldo Gabaldón'),
	(942, 287, 'Parroquia Arnoldo Gabaldón'),
	(244, 68, 'parroquia ascensión farreras'),
	(58, 13, 'parroquia atapirire'),
	(378, 112, 'Parroquia Avaria'),
	(827, 249, 'Parroquia Ayacucho'),
	(839, 253, 'Parroquia Ayacucho '),
	(910, 281, 'Parroquia Ayacucho'),
	(43, 7, 'parroquia bajo ventuari'),
	(383, 113, 'Parroquia Baraived'),
	(264, 73, 'parroquia barceloneta'),
	(190, 58, 'parroquia barinas'),
	(204, 59, 'parroquia barinitas'),
	(360, 107, 'Parroquia Bariro'),
	(207, 60, 'parroquia barrancas'),
	(628, 179, 'Parroquia Baruta'),
	(95, 26, 'parroquia bergantín'),
	(965, 294, 'Parroquia Betijoque'),
	(834, 250, 'Parroquia Bideau'),
	(421, 124, 'Parroquia Boca de Aroa'),
	(90, 24, 'parroquia boca de chávez'),
	(855, 259, 'Parroquia Boca de Grita'),
	(411, 119, 'Parroquia Boca de Tocuyo'),
	(59, 13, 'parroquia boca del pao'),
	(885, 272, 'Parroquia Boconó'),
	(907, 281, 'Parroquia Boconó'),
	(497, 149, 'Parroquia Bolívar'),
	(672, 197, 'Parroquia Bolívar'),
	(724, 215, 'Parroquia Bolívar'),
	(795, 240, 'Parroquia Bolívar '),
	(842, 254, 'Parroquia Bolívar'),
	(924, 283, 'Parroquia Bolivia'),
	(695, 205, 'Parroquia Boquerón'),
	(361, 107, 'Parroquia Borojó'),
	(868, 264, 'Parroquia Bramón'),
	(429, 128, 'Parroquia Bruzual'),
	(384, 113, 'Parroquia Buena Vista'),
	(487, 147, 'Parroquia Buena Vista'),
	(953, 290, 'Parroquia Buena Vista'),
	(911, 281, 'Parroquia Burbusay'),
	(509, 151, 'Parroquia Buría'),
	(985, 298, 'Parroquia Cabimbú'),
	(445, 135, 'Parroquia Cabruta'),
	(505, 150, 'Parroquia Cabudare'),
	(414, 121, 'Parroquia Cabure'),
	(232, 67, 'parroquia cachamay'),
	(51, 10, 'parroquia cachipo'),
	(712, 207, 'Parroquia Cachipo'),
	(595, 170, 'Parroquia Cacute '),
	(96, 26, 'parroquia caigua'),
	(206, 59, 'parroquia calderas'),
	(513, 152, 'Parroquia Camacaro'),
	(971, 295, 'Parroquia Campo Alegre '),
	(810, 245, 'Parroquia Campo Claro'),
	(808, 244, 'Parroquia Campo Elías'),
	(941, 287, 'Parroquia Campo Elías'),
	(999, 302, 'Parroquia Campo Elías'),
	(152, 44, 'parroquia caña de azúcar'),
	(30, 3, 'parroquia caname'),
	(3, 1, 'parroquia candelaria'),
	(777, 235, 'Parroquia Canelones'),
	(762, 230, 'Parroquia Caño Delgadito'),
	(617, 176, 'Parroquia Caño El Tigre'),
	(467, 141, 'Parroquia Cantagallo'),
	(353, 105, 'Parroquia Capadare'),
	(359, 107, 'Parroquia Capatárida'),
	(621, 177, 'Parroquia Capaya'),
	(673, 198, 'Parroquia Capital Acosta'),
	(739, 222, 'Parroquia Capital Agua Blanca '),
	(675, 199, 'Parroquia Capital Aguasay'),
	(453, 138, 'Parroquia Capital Altagracia de Orituco'),
	(23, 2, 'parroquia capital alto orinoco'),
	(48, 9, 'parroquia capital anaco '),
	(539, 155, 'Parroquia Capital Andrés Bello'),
	(837, 251, 'Parroquia Capital Andrés Bello '),
	(717, 211, 'Parroquia Capital Antolín del Campo'),
	(540, 156, 'Parroquia Capital Antonio Pinto Salinas '),
	(50, 10, 'parroquia capital aragua'),
	(740, 223, 'Parroquia Capital Araure '),
	(543, 157, 'Parroquia Capital Aricagua '),
	(718, 212, 'Parroquia Capital Arismendi'),
	(996, 300, 'Parroquia Capital Arístides Bastidas'),
	(545, 158, 'Parroquia Capital Arzobispo Chacón'),
	(89, 24, 'parroquia capital boca de uchire'),
	(131, 37, 'parroquia capital bolívar'),
	(676, 200, 'Parroquia Capital Bolívar'),
	(800, 241, 'Parroquia Capital Bolívar'),
	(997, 301, 'Parroquia Capital Bolívar'),
	(998, 302, 'Parroquia Capital Bruzual '),
	(365, 108, 'Parroquia Capital Cacique Manaure'),
	(449, 137, 'Parroquia Capital Calabozo'),
	(435, 130, 'Parroquia Capital Camaguán'),
	(132, 38, 'parroquia capital camatagua'),
	(559, 160, 'Parroquia Capital Caracciolo Parra Olmedo '),
	(561, 161, 'Parroquia Capital Cardenal Quintero '),
	(677, 201, 'Parroquia Capital Caripe'),
	(683, 202, 'Parroquia Capital Cedeño'),
	(79, 20, 'parroquia capital clarines'),
	(1000, 303, 'Parroquia Capital Cocorote'),
	(849, 256, 'Parroquia Capital Córdoba'),
	(375, 111, 'Parroquia Capital Dabarujo'),
	(719, 213, 'Parroquia Capital Díaz'),
	(248, 69, 'parroquia capital el callao'),
	(447, 136, 'Parroquia Capital El Sombrero'),
	(742, 224, 'Parroquia Capital Esteller '),
	(687, 203, 'Parroquia Capital Ezequiel Zamora'),
	(52, 11, 'parroquia capital fernando de peñalver'),
	(57, 13, 'parroquia capital francisco de miranda'),
	(853, 258, 'Parroquia Capital Francisco de Miranda'),
	(177, 53, 'parroquia capital francisco linares alcántara'),
	(721, 214, 'Parroquia Capital García'),
	(854, 259, 'Parroquia Capital García de Hevia '),
	(723, 215, 'Parroquia Capital Gómez'),
	(744, 225, 'Parroquia Capital Guanare'),
	(749, 226, 'Parroquia Capital Guanarito '),
	(563, 162, 'Parroquia Capital Guaraque '),
	(857, 260, 'Parroquia Capital Guásimos'),
	(64, 15, 'parroquia capital independencia'),
	(142, 40, 'parroquia capital josé angel lamas'),
	(143, 41, 'parroquia capital josé félix ribas'),
	(70, 18, 'parroquia capital josé gregorio monagas'),
	(864, 263, 'Parroquia Capital José María Vargas'),
	(148, 42, 'parroquia capital josé rafael revenga'),
	(566, 163, 'Parroquia Capital Julio César Salas '),
	(568, 164, 'Parroquia Capital Justo Briceño '),
	(444, 135, 'Parroquia Capital Las Mercedes'),
	(76, 19, 'parroquia capital libertad'),
	(149, 43, 'parroquia capital libertador'),
	(689, 204, 'Parroquia Capital Libertador'),
	(728, 216, 'Parroquia Capital Maneiro'),
	(730, 217, 'Parroquia Capital Marcano'),
	(732, 218, 'Parroquia Capital Mariño'),
	(151, 44, 'parroquia capital mario briceño iragorry'),
	(693, 205, 'Parroquia Capital Maturín'),
	(814, 246, 'Parroquia Capital Mejía'),
	(878, 268, 'Parroquia Capital Michelena'),
	(585, 166, 'Parroquia Capital Miranda '),
	(752, 227, 'Parroquia Capital Monseñor José Vicente de Unda '),
	(589, 167, 'Parroquia Capital Obispo Ramos de Lora '),
	(180, 54, 'parroquia capital ocumare de la costa de oro'),
	(68, 17, 'parroquia capital onoto'),
	(460, 139, 'Parroquia Capital Ortiz'),
	(754, 228, 'Parroquia Capital Ospino '),
	(592, 168, 'Parroquia Capital Padre Noguera'),
	(277, 77, 'parroquia capital padre pedro chien'),
	(757, 229, 'Parroquia Capital Páez '),
	(413, 120, 'Parroquia Capital Palmasola'),
	(761, 230, 'Parroquia Capital Papelón '),
	(82, 21, 'parroquia capital pedro maría freites'),
	(733, 219, 'Parroquia Capital Península de Macanao'),
	(704, 206, 'Parroquia Capital Piar'),
	(86, 22, 'parroquia capital píritu'),
	(593, 169, 'Parroquia Capital Pueblo Llano'),
	(66, 16, 'parroquia capital puerto la cruz'),
	(711, 207, 'Parroquia Capital Punceres'),
	(594, 170, 'Parroquia Capital Rangel '),
	(44, 8, 'parroquia capital río negro'),
	(599, 171, 'Parroquia Capital Rivas Dávila '),
	(153, 45, 'parroquia capital san casimiro'),
	(419, 123, 'Parroquia Capital San Francisco'),
	(763, 231, 'Parroquia Capital San Genaro de Boconoito '),
	(440, 133, 'Parroquia Capital San Gerónimo de Guayabal'),
	(88, 23, 'parroquia capital san josé de guanipa'),
	(466, 141, 'Parroquia Capital San Juan de Los Morros'),
	(902, 279, 'Parroquia Capital San Judas Tadeo'),
	(765, 232, 'Parroquia Capital San Rafael de Onoto'),
	(157, 46, 'parroquia capital san sebastian'),
	(91, 25, 'parroquia capital santa ana'),
	(713, 208, 'Parroquia Capital Santa Bárbara'),
	(470, 143, 'Parroquia Capital Santa María de Ipire'),
	(768, 233, 'Parroquia Capital Santa Rosalía '),
	(158, 47, 'parroquia capital santiago mariño'),
	(601, 172, 'Parroquia Capital Santos Marquina '),
	(163, 48, 'parroquia capital santos michelena'),
	(892, 274, 'Parroquia Capital Seboruco'),
	(714, 209, 'Parroquia Capital Sotillo'),
	(165, 49, 'parroquia capital sucre'),
	(602, 173, 'Parroquia Capital Sucre '),
	(770, 234, 'Parroquia Capital Sucre '),
	(424, 126, 'Parroquia Capital Tocópero '),
	(167, 50, 'parroquia capital tovar'),
	(735, 220, 'Parroquia Capital Tubores'),
	(464, 140, 'Parroquia Capital Tucupido'),
	(612, 175, 'Parroquia Capital Tulio Febres Cordero '),
	(776, 235, 'Parroquia Capital Turén'),
	(716, 210, 'Parroquia Capital Uracoa'),
	(168, 51, 'parroquia capital urdaneta'),
	(442, 134, 'Parroquia Capital Valle de La Pascua'),
	(737, 221, 'Parroquia Capital Villalba'),
	(172, 52, 'parroquia capital zamora'),
	(472, 144, 'Parroquia Capital Zaraza'),
	(616, 176, 'Parroquia Capital Zea '),
	(546, 158, 'Parroquia Capurí '),
	(572, 165, 'Parroquia Caracciolo Parra Pérez '),
	(929, 284, 'Parroquia Carache'),
	(846, 255, 'Parroquia Cárdenas '),
	(899, 278, 'Parroquia Cárdenas'),
	(4, 1, 'parroquia caricuao'),
	(366, 109, 'Parroquia Carirubana'),
	(925, 283, 'Parroquia Carrillo'),
	(635, 182, 'Parroquia Carrizal'),
	(969, 295, 'Parroquia Carvajal'),
	(401, 117, 'Parroquia Casigua'),
	(46, 8, 'parroquia casiquiare'),
	(514, 152, 'Parroquia Castañeda'),
	(144, 41, 'parroquia castor nieves ríos'),
	(5, 1, 'parroquia catedral'),
	(252, 71, 'parroquia catedral'),
	(479, 147, 'Parroquia Catedral'),
	(822, 248, 'Parroquia Catuaro'),
	(618, 177, 'Parroquia Caucagua'),
	(665, 195, 'Parroquia Caucagüita'),
	(441, 133, 'Parroquia Cazorla'),
	(642, 186, 'Parroquia Cecilio Acosta'),
	(515, 152, 'Parroquia Cecilio Zubillaga'),
	(926, 283, 'Parroquia Cegarra'),
	(547, 158, 'Parroquia Chacantá '),
	(636, 183, 'Parroquia Chacao'),
	(805, 243, 'Parroquia Chacopata'),
	(706, 206, 'Parroquia Chaguaramal'),
	(438, 131, 'Parroquia Chaguaramas'),
	(690, 204, 'Parroquia Chaguaramas'),
	(637, 184, 'Parroquia Charallave'),
	(922, 283, 'Parroquia Chejendé'),
	(920, 282, 'Parroquia Cheregüé '),
	(410, 119, 'Parroquia Chichiriviche'),
	(603, 173, 'Parroquia Chiguará'),
	(516, 152, 'Parroquia Chiquinquirá'),
	(978, 297, 'Parroquia Chiquinquirá'),
	(233, 67, 'parroquia chirica'),
	(63, 14, 'parroquia chorrerón'),
	(390, 114, 'Parroquia Churuguara'),
	(338, 102, 'Parroquia Cinco de Julio'),
	(870, 265, 'Parroquia Cipriano Castro'),
	(218, 63, 'parroquia ciudad bolivia'),
	(225, 65, 'parroquia ciudad de nutrias'),
	(6, 1, 'parroquia coche'),
	(818, 247, 'Parroquia Cocollar'),
	(47, 8, 'parroquia cocuy'),
	(123, 34, 'parroquia codazzi'),
	(316, 92, 'parroquia cojedes'),
	(415, 121, 'Parroquia Colina'),
	(40, 6, 'parroquia comunidad'),
	(480, 147, 'Parroquia Concepción'),
	(771, 234, 'Parroquia Concepción'),
	(877, 267, 'Parroquia Constitución'),
	(198, 58, 'parroquia corazón de jesús'),
	(745, 225, 'Parroquia Córdoba'),
	(496, 148, 'Parroquia Coronel Mariano Peraza'),
	(835, 250, 'Parroquia Cristóbal Colón'),
	(979, 297, 'Parroquia Cristóbal Mendoza'),
	(980, 297, 'Parroquia Cruz Carrillo'),
	(669, 196, 'Parroquia Cúa'),
	(490, 148, 'Parroquia Cuara'),
	(930, 284, 'Parroquia Cuicas'),
	(815, 247, 'Parroquia Cumanacoa'),
	(627, 178, 'Parroquia Cumbo'),
	(124, 34, 'parroquia cunaviche'),
	(659, 192, 'Parroquia Cúpira'),
	(331, 101, 'parroquia curiapo'),
	(632, 180, 'Parroquia Curiepe'),
	(416, 121, 'Parroquia Curimagua'),
	(234, 67, 'parroquia dalla costa'),
	(270, 75, 'parroquia dalla costa'),
	(491, 148, 'Parroquia Diego de Lozada'),
	(751, 226, 'Parroquia Divina Pastora'),
	(222, 64, 'parroquia dolores'),
	(203, 58, 'parroquia dominga ortiz de páez'),
	(573, 165, 'Parroquia Domingo Peña '),
	(874, 266, 'Parroquia Doradas'),
	(891, 273, 'Parroquia Dr. Francisco Romero Lobo'),
	(99, 27, 'parroquia edmundo barrios'),
	(119, 33, 'parroquia el amparo'),
	(325, 97, 'parroquia el amparo'),
	(608, 174, 'Parroquia El Amparo'),
	(956, 291, 'Parroquia El Baño'),
	(319, 94, 'parroquia el baúl'),
	(517, 152, 'Parroquia El Blanco'),
	(622, 177, 'Parroquia El Café'),
	(629, 179, 'Parroquia El Cafetal'),
	(450, 137, 'Parroquia El Calvario'),
	(229, 66, 'parroquia el cantón'),
	(77, 19, 'parroquia el carito'),
	(93, 26, 'parroquia el carmen'),
	(196, 58, 'parroquia el carmen'),
	(908, 281, 'Parroquia El Carmen'),
	(648, 187, 'Parroquia El Cartanal'),
	(950, 289, 'Parroquia El Cenizo'),
	(101, 28, 'parroquia el chaparro'),
	(426, 127, 'Parroquia El Charal'),
	(699, 205, 'Parroquia El Corozo'),
	(481, 147, 'Parroquia El Cují'),
	(947, 289, 'Parroquia El Dividive'),
	(700, 205, 'Parroquia El Furrial'),
	(678, 201, 'Parroquia El Guácharo'),
	(654, 190, 'Parroquia El Guapo'),
	(639, 185, 'Parroquia El Hatillo'),
	(388, 113, 'Parroquia El Hato'),
	(905, 280, 'Parroquia El Jagüito'),
	(643, 186, 'Parroquia El Jarillo'),
	(7, 1, 'parroquia el junquito'),
	(574, 165, 'Parroquia El Llano'),
	(609, 174, 'Parroquia El Llano'),
	(548, 158, 'Parroquia El Molino '),
	(104, 29, 'parroquia el morro'),
	(583, 165, 'Parroquia El Morro'),
	(786, 238, 'Parroquia El Morro de Puerto Santo'),
	(60, 13, 'parroquia el pao'),
	(323, 96, 'parroquia el pao'),
	(8, 1, 'parroquia el paraíso'),
	(974, 296, 'Parroquia El Paraíso'),
	(392, 114, 'Parroquia El Paují'),
	(802, 242, 'Parroquia El Paujil'),
	(97, 26, 'parroquia el pilar'),
	(789, 239, 'Parroquia El Pilar'),
	(707, 206, 'Parroquia El Pinto'),
	(944, 288, 'Parroquia El Progreso  '),
	(451, 137, 'Parroquia El Rastro'),
	(215, 62, 'parroquia el real'),
	(9, 1, 'parroquia el recreo'),
	(128, 36, 'parroquia el recreo'),
	(226, 65, 'parroquia el regalo'),
	(790, 239, 'Parroquia El Rincón'),
	(208, 60, 'parroquia el socorro'),
	(439, 132, 'Parroquia El Socorro'),
	(938, 286, 'Parroquia El Socorro'),
	(688, 203, 'Parroquia El Tejero'),
	(10, 1, 'parroquia el valle'),
	(389, 113, 'Parroquia El Vínculo'),
	(107, 30, 'parroquia el yagual'),
	(895, 276, 'Parroquia Eleazar López Contreras'),
	(590, 167, 'Parroquia Eloy Paredes'),
	(873, 266, 'Parroquia Emeterio Ochoa'),
	(862, 262, 'Parroquia Emilio Constantino Guerrero'),
	(934, 285, 'Parroquia Escuque'),
	(443, 134, 'Parroquia Espino'),
	(518, 152, 'Parroquia Espinoza de los Monteros'),
	(604, 173, 'Parroquia Estánquez'),
	(850, 257, 'Parroquia Fernández Feo '),
	(552, 159, 'Parroquia Fernández Peña '),
	(31, 4, 'parroquia fernando girón tovar'),
	(666, 195, 'Parroquia Fila de Mariches'),
	(959, 292, 'Parroquia Flor de Patria'),
	(560, 160, 'Parroquia Florencio Ramírez '),
	(769, 233, 'Parroquia Florida'),
	(333, 101, 'parroquia francisco aniceto lugo'),
	(722, 214, 'Parroquia Francisco Fajardo'),
	(477, 146, 'Parroquia Fréitez'),
	(535, 154, 'Parroquia Gabriel Picón González'),
	(330, 100, 'parroquia general en jefe josé laurencio silva'),
	(791, 239, 'Parroquia General Francisco Antonio Vásquez'),
	(912, 281, 'Parroquia General Rivas'),
	(600, 171, 'Parroquia Gerónimo Maldonado'),
	(575, 165, 'Parroquia Gonzalo Picón Febres '),
	(832, 249, 'Parroquia Gran Mariscal '),
	(921, 282, 'Parroquia Granados'),
	(108, 30, 'parroquia guachara'),
	(187, 57, 'parroquia guadarrama'),
	(372, 110, 'Parroquia Guaibacoa'),
	(549, 158, 'Parroquia Guaimaral '),
	(362, 107, 'Parroquia Guajiro'),
	(708, 206, 'Parroquia Guanaguana'),
	(80, 20, 'parroquia guanape'),
	(245, 68, 'parroquia guaniamo'),
	(62, 14, 'parroquia guanta'),
	(913, 281, 'Parroquia Guaramacal'),
	(274, 76, 'parroquia guarataro'),
	(792, 239, 'Parroquia Guaraúnos'),
	(452, 137, 'Parroquia Guardatinajas'),
	(661, 193, 'Parroquia Guarenas'),
	(499, 149, 'Parroquia Guarico'),
	(671, 197, 'Parroquia Guatire'),
	(38, 5, 'parroquia guayapo'),
	(725, 215, 'Parroquia Guevara'),
	(833, 250, 'Parroquia Güiria'),
	(510, 151, 'Parroquia Gustavo Vegas León'),
	(406, 118, 'Parroquia Guzmán Guillermo'),
	(536, 154, 'Parroquia Héctor Amable Mora'),
	(525, 152, 'Parroquia Heriberto Arroyo'),
	(886, 272, 'Parroquia Hernández'),
	(631, 180, 'Parroquia Higuerote'),
	(500, 149, 'Parroquia Hilario Luna y Luna'),
	(24, 2, 'parroquia huachamacare'),
	(501, 149, 'Parroquia Humocaro Alto'),
	(502, 149, 'Parroquia Humocaro Bajo'),
	(219, 63, 'parroquia ignacio briceño'),
	(250, 70, 'parroquia ikabarú'),
	(337, 102, 'Parroquia Imataca'),
	(393, 114, 'Parroquia Independencia'),
	(613, 175, 'Parroquia Independencia'),
	(858, 261, 'Parroquia Independencia '),
	(809, 245, 'Parroquia Irapa'),
	(845, 254, 'Parroquia Isaías Medina Angarita'),
	(576, 165, 'Parroquia Jacinto Plaza '),
	(395, 115, 'Parroquia Jacura'),
	(385, 113, 'Parroquia Jadacaquiva'),
	(556, 159, 'Parroquia Jají'),
	(986, 298, 'Parroquia Jajó'),
	(957, 291, 'Parroquia Jalisco'),
	(861, 262, 'Parroquia Jáuregui '),
	(253, 71, 'parroquia josé antonio páez'),
	(856, 259, 'Parroquia José Antonio Páez'),
	(495, 148, 'Parroquia José Bernardo Dorante'),
	(220, 63, 'parroquia josé félix ribas'),
	(506, 150, 'Parroquia José Gregorio Bastidas'),
	(968, 294, 'Parroquia José Gregorio Hernández'),
	(211, 61, 'parroquia josé ignacio del pumar'),
	(972, 295, 'Parroquia José Leonardo Suárez '),
	(478, 146, 'Parroquia José María Blanco'),
	(537, 154, 'Parroquia José Nucete Sardi '),
	(345, 104, 'Parroquia José Vidal Marcano'),
	(328, 99, 'parroquia juan angel bravo'),
	(202, 58, 'parroquia juan antonio rodríguez domínguez'),
	(339, 102, 'Parroquia Juan Bautista Arismendi'),
	(489, 148, 'Parroquia Juan Bautista Rodríguez'),
	(317, 92, 'parroquia juan de mata suárez'),
	(482, 147, 'Parroquia Juan de Villegas'),
	(859, 261, 'Parroquia Juan Germán Roscio '),
	(990, 299, 'Parroquia Juan Ignacio Montilla'),
	(346, 104, 'Parroquia Juan Millán'),
	(900, 278, 'Parroquia Juan Pablo Peñaloza'),
	(577, 165, 'Parroquia Juan Rodríguez Suárez'),
	(844, 254, 'Parroquia Juan Vicente Gómez'),
	(488, 147, 'Parroquia Juárez'),
	(399, 116, 'Parroquia Judibana'),
	(865, 264, 'Parroquia Junín '),
	(975, 296, 'Parroquia Junín'),
	(701, 205, 'Parroquia Jusepín'),
	(322, 95, 'parroquia la aguadita'),
	(991, 299, 'Parroquia La Beatriz'),
	(503, 149, 'Parroquia La Candelaria'),
	(945, 288, 'Parroquia La Ceiba  '),
	(431, 129, 'Parroquia La Ciénaga'),
	(931, 284, 'Parroquia La Concepción'),
	(963, 293, 'Parroquia La Concepción '),
	(887, 273, 'Parroquia La Concordia'),
	(650, 188, 'Parroquia La Democracia'),
	(667, 195, 'Parroquia La Dolorita'),
	(906, 280, 'Parroquia La Esperanza'),
	(756, 228, 'Parroquia La Estación'),
	(848, 255, 'Parroquia La Florida'),
	(679, 201, 'Parroquia La Guanota'),
	(216, 62, 'parroquia la luz'),
	(557, 159, 'Parroquia La Mesa'),
	(987, 298, 'Parroquia La Mesa'),
	(880, 269, 'Parroquia La Palmita'),
	(11, 1, 'parroquia la pastora'),
	(354, 105, 'Parroquia La Pastora'),
	(960, 292, 'Parroquia La Paz'),
	(358, 106, 'Parroquia La Peña'),
	(866, 264, 'Parroquia La Petrólea'),
	(702, 205, 'Parroquia La Pica'),
	(966, 294, 'Parroquia La Pueblita '),
	(994, 299, 'Parroquia La Puerta'),
	(984, 298, 'Parroquia La Quebrada'),
	(254, 71, 'parroquia la sabanita'),
	(432, 129, 'Parroquia La Soledad'),
	(596, 170, 'Parroquia La Toma'),
	(709, 206, 'Parroquia La Toscana'),
	(605, 173, 'Parroquia La Trampa'),
	(126, 35, 'parroquia la trinidad'),
	(188, 57, 'parroquia la unión'),
	(935, 285, 'Parroquia La Unión'),
	(246, 68, 'parroquia la urbana'),
	(12, 1, 'parroquia la vega'),
	(370, 110, 'Parroquia La Vela de Coro'),
	(587, 166, 'Parroquia La Venta'),
	(519, 152, 'Parroquia Lara'),
	(691, 204, 'Parroquia Las Alhuacas'),
	(638, 184, 'Parroquia Las Brisas'),
	(373, 110, 'Parroquia Las Calderas'),
	(696, 205, 'Parroquia Las Cocuizas'),
	(275, 76, 'parroquia las majadas'),
	(520, 152, 'Parroquia Las Mercedes'),
	(630, 179, 'Parroquia Las Minas de Baruta'),
	(562, 161, 'Parroquia Las Piedras'),
	(427, 127, 'Parroquia Las Vegas del Tuy'),
	(578, 165, 'Parroquia Lasso de la Vega '),
	(103, 29, 'parroquia lecherías'),
	(347, 104, 'Parroquia Leonardo Ruíz Pineda'),
	(668, 195, 'Parroquia Leoncio Martínez'),
	(454, 138, 'Parroquia Lezama'),
	(221, 64, 'parroquia libertad'),
	(803, 242, 'Parroquia Libertad'),
	(869, 265, 'Parroquia Libertad '),
	(324, 97, 'parroquia libertad de cojedes'),
	(455, 138, 'Parroquia Libertad de Orituco'),
	(83, 21, 'parroquia libertador'),
	(355, 105, 'Parroquia Libertador'),
	(872, 266, 'Parroquia Libertador '),
	(876, 267, 'Parroquia Lobatera '),
	(736, 220, 'Parroquia Los Barales'),
	(715, 209, 'Parroquia Los Barrancos de Fajardo'),
	(940, 286, 'Parroquia Los Caprichos'),
	(967, 294, 'Parroquia Los Cedros '),
	(217, 62, 'parroquia los guasimitos'),
	(584, 165, 'Parroquia Los Nevados'),
	(398, 116, 'Parroquia Los Taques'),
	(640, 186, 'Parroquia Los Teques'),
	(32, 4, 'parroquia luis alberto gómez'),
	(343, 103, 'Parroquia Luis Beltrán Prieto Figueroa'),
	(321, 95, 'parroquia macapo'),
	(13, 1, 'parroquia macarao'),
	(796, 240, 'Parroquia Macarapana'),
	(660, 192, 'Parroquia Machurucuto'),
	(374, 110, 'Parroquia Macoruca'),
	(65, 15, 'parroquia mamo'),
	(634, 181, 'Parroquia Mamporal'),
	(806, 243, 'Parroquia Manicuare'),
	(113, 32, 'parroquia mantecal'),
	(871, 265, 'Parroquia Manuel Felipe Rugeles'),
	(329, 99, 'parroquia manuel manrique'),
	(521, 152, 'Parroquia Manuel Morillo'),
	(201, 58, 'parroquia manuel palacio fajardo'),
	(340, 102, 'Parroquia Manuel Piar'),
	(334, 101, 'parroquia manuel renaud'),
	(927, 283, 'Parroquia Manuel Salvador Ulloa'),
	(394, 114, 'Parroquia Mapararí'),
	(811, 245, 'Parroquia Marabal'),
	(25, 2, 'parroquia marawaka'),
	(255, 71, 'parroquia marhuanta'),
	(614, 175, 'Parroquia María de la Concepción Palacios Blanco'),
	(579, 165, 'Parroquia Mariano Picón Salas '),
	(780, 236, 'Parroquia Mariño'),
	(348, 104, 'Parroquia Mariscal Antonio José de Sucre'),
	(623, 177, 'Parroquia Marizapa'),
	(209, 60, 'parroquia masparrito'),
	(726, 215, 'Parroquia Matasiete'),
	(553, 159, 'Parroquia Matriz'),
	(981, 297, 'Parroquia Matriz'),
	(26, 2, 'parroquia mavaca'),
	(42, 7, 'parroquia medio ventuari'),
	(995, 299, 'Parroquia Mendoza'),
	(400, 117, 'Parroquia Mene de Mauroa'),
	(992, 299, 'Parroquia Mercedes Díaz'),
	(541, 156, 'Parroquia Mesa Bolívar'),
	(542, 156, 'Parroquia Mesa de Las Palmas'),
	(564, 162, 'Parroquia Mesa de Quintero '),
	(100, 27, 'parroquia miguel otero silva '),
	(580, 165, 'Parroquia Milla'),
	(407, 118, 'Parroquia Mitare'),
	(276, 76, 'parroquia moitaco'),
	(349, 104, 'Parroquia Monseñor Argimiro García'),
	(982, 297, 'Parroquia Monseñor Carrillo'),
	(915, 281, 'Parroquia Monseñor Jáuregui'),
	(863, 262, 'Parroquia Monseñor Miguel Antonio Salas'),
	(554, 159, 'Parroquia Montalbán'),
	(522, 152, 'Parroquia Montaña Verde'),
	(952, 290, 'Parroquia Monte Carmelo'),
	(523, 152, 'Parroquia Montes de Oca'),
	(504, 149, 'Parroquia Morán'),
	(529, 153, 'Parroquia Moroturo'),
	(386, 113, 'Parroquia Moruy'),
	(909, 281, 'Parroquia Mosquey'),
	(955, 291, 'Parroquia Motatán'),
	(551, 158, 'Parroquia Mucuchachí'),
	(61, 13, 'parroquia múcura'),
	(109, 30, 'parroquia mucuritas'),
	(597, 170, 'Parroquia Mucurubá'),
	(550, 158, 'Parroquia Mucutuy'),
	(37, 5, 'parroquia munduapo'),
	(98, 26, 'parroquia naricual'),
	(185, 56, 'parroquia nicolás pulido'),
	(162, 47, 'parroquia no urbana alfredo pacheco miranda'),
	(159, 47, 'parroquia no urbana arévalo aponte'),
	(176, 52, 'parroquia no urbana augusto mijares'),
	(282, 79, 'parroquia no urbana belén'),
	(166, 49, 'parroquia no urbana bella vista'),
	(303, 88, 'parroquia no urbana borburata'),
	(279, 78, 'parroquia no urbana canoabo'),
	(133, 38, 'parroquia no urbana carmen de cura'),
	(134, 39, 'parroquia no urbana choroní '),
	(160, 47, 'parroquia no urbana chuao'),
	(178, 53, 'parroquia no urbana francisco de miranda'),
	(154, 45, 'parroquia no urbana güiripa'),
	(145, 41, 'parroquia no urbana las guacamayas'),
	(169, 51, 'parroquia no urbana las peñitas'),
	(173, 52, 'parroquia no urbana magdaleno'),
	(179, 53, 'parroquia no urbana monseñor feliciano gonzález'),
	(315, 91, 'parroquia no urbana negro primero'),
	(155, 45, 'parroquia no urbana ollas de caramacate'),
	(146, 41, 'parroquia no urbana pao de zárate'),
	(304, 88, 'parroquia no urbana patanemo'),
	(161, 47, 'parroquia no urbana samán de güere'),
	(174, 52, 'parroquia no urbana san francisco de asís'),
	(170, 51, 'parroquia no urbana san francisco de cara'),
	(150, 43, 'parroquia no urbana san martín de porres'),
	(280, 78, 'parroquia no urbana simón bolívar'),
	(283, 79, 'parroquia no urbana tacarigua'),
	(171, 51, 'parroquia no urbana taguay'),
	(164, 48, 'parroquia no urbana tiara'),
	(290, 82, 'parroquia no urbana urama'),
	(156, 45, 'parroquia no urbana valle morín'),
	(175, 52, 'parroquia no urbana valles de tucutunemo'),
	(288, 81, 'parroquia no urbana yagua'),
	(147, 41, 'parroquia no urbana zuata'),
	(367, 109, 'Parroquia Norte'),
	(882, 270, 'Parroquia Nueva Arcadia'),
	(670, 196, 'Parroquia Nueva Cúa'),
	(214, 62, 'parroquia obispos'),
	(649, 188, 'Parroquia Ocumare del Tuy'),
	(235, 67, 'parroquia once de abril'),
	(257, 71, 'parroquia orinoco'),
	(581, 165, 'Parroquia Osuna Rodríguez '),
	(335, 101, 'parroquia padre barral'),
	(223, 64, 'parroquia palacios fajardo'),
	(567, 163, 'Parroquia Palmira '),
	(843, 254, 'Parroquia Palotal'),
	(958, 292, 'Parroquia Pampán'),
	(962, 293, 'Parroquia Pampanito '),
	(964, 293, 'Parroquia Pampanito II '),
	(932, 284, 'Parroquia Panamericana'),
	(879, 269, 'Parroquia Panamericano '),
	(258, 71, 'parroquia panapana'),
	(624, 177, 'Parroquia Panaquire'),
	(656, 190, 'Parroquia Paparo'),
	(644, 186, 'Parroquia Paracotos'),
	(492, 148, 'Parroquia Paraíso de San José'),
	(468, 141, 'Parroquia Parapara'),
	(33, 4, 'parroquia parhueña'),
	(456, 138, 'Parroquia Paso Real de Macaira'),
	(758, 229, 'Parroquia Payara'),
	(423, 125, 'Parroquia Pecaya'),
	(342, 103, 'Parroquia Pedernales'),
	(376, 112, 'Parroquia Pedregal'),
	(212, 61, 'parroquia pedro briceño méndez'),
	(262, 72, 'parroquia pedro cova'),
	(888, 273, 'Parroquia Pedro María Morantes'),
	(881, 270, 'Parroquia Pedro María Ureña'),
	(753, 227, 'Parroquia Peña Blanca'),
	(129, 36, 'parroquia peñalver'),
	(664, 195, 'Parroquia Petare'),
	(71, 18, 'parroquia piar'),
	(379, 112, 'Parroquia Piedra Grande'),
	(247, 68, 'parroquia pijiguaos'),
	(759, 229, 'Parroquia Pimpinela'),
	(588, 166, 'Parroquia Piñango '),
	(474, 145, 'Parroquia Pío Tamayo'),
	(417, 122, 'Parroquia Píritu'),
	(34, 4, 'parroquia platanillal'),
	(901, 278, 'Parroquia Potosí'),
	(240, 67, 'parroquia pozo verde'),
	(67, 16, 'parroquia pozuelos'),
	(532, 154, 'Parroquia Presidente Betancourt '),
	(533, 154, 'Parroquia Presidente Páez  '),
	(534, 154, 'Parroquia Presidente Rómulo Gallegos '),
	(433, 129, 'Parroquia Pueblo Cumarebo'),
	(92, 25, 'parroquia pueblo nuevo'),
	(381, 113, 'Parroquia Pueblo Nuevo'),
	(606, 173, 'Parroquia Pueblo Nuevo del Sur '),
	(430, 129, 'Parroquia Puerto Cumarebo'),
	(227, 65, 'parroquia puerto de nutrias'),
	(436, 130, 'Parroquia Puerto Miranda'),
	(787, 238, 'Parroquia Puerto Santo'),
	(231, 66, 'parroquia puerto vivas'),
	(538, 154, 'Parroquia Pulido Méndez '),
	(368, 109, 'Parroquia Punta Cardón'),
	(836, 250, 'Parroquia Punta de Piedras'),
	(380, 112, 'Parroquia Purureche'),
	(475, 145, 'Parroquia Quebrada Honda de Guache'),
	(110, 30, 'parroquia queseras del medio'),
	(867, 264, 'Parroquia Quinimarí'),
	(114, 32, 'parroquia quintero'),
	(916, 281, 'Parroquia Rafael Rangel'),
	(883, 271, 'Parroquia Rafael Urdaneta '),
	(199, 58, 'parroquia ramón ignacio méndez'),
	(213, 61, 'parroquia ramón ignacio méndez'),
	(760, 229, 'Parroquia Ramón Peraza'),
	(831, 249, 'Parroquia Raúl Leoni'),
	(823, 248, 'Parroquia Rendón'),
	(526, 152, 'Parroquia Reyes Vargas'),
	(625, 177, 'Parroquia Ribas'),
	(115, 32, 'parroquia rincón hondo'),
	(741, 223, 'Parroquia Río Acarigua'),
	(784, 238, 'Parroquia Río Caribe'),
	(653, 190, 'Parroquia Río Chico'),
	(565, 162, 'Parroquia Río Negro '),
	(408, 118, 'Parroquia Río Seco'),
	(840, 253, 'Parroquia Rivas Berti'),
	(182, 55, 'parroquia rodríguez domínguez'),
	(860, 261, 'Parroquia Román Cárdenas'),
	(197, 58, 'parroquia rómulo betancourt'),
	(326, 98, 'parroquia rómulo gallegos'),
	(341, 102, 'Parroquia Rómulo Gallegos'),
	(781, 236, 'Parroquia Rómulo Gallegos'),
	(973, 296, 'Parroquia Sabana de Mendoza'),
	(680, 201, 'Parroquia Sabana de Piedra'),
	(81, 20, 'parroquia sabana de uchire'),
	(919, 282, 'Parroquia Sabana Grande'),
	(936, 285, 'Parroquia Sabana Libre'),
	(181, 55, 'parroquia sabaneta'),
	(409, 118, 'Parroquia Sabaneta'),
	(582, 165, 'Parroquia Sagrario'),
	(268, 74, 'parroquia salom'),
	(35, 5, 'parroquia samariapo'),
	(884, 272, 'Parroquia Samuel Darío Maldonado '),
	(14, 1, 'parroquia san agustín'),
	(681, 201, 'Parroquia San Agustín'),
	(189, 57, 'parroquia san antonio'),
	(403, 118, 'Parroquia San Antonio'),
	(544, 157, 'Parroquia San Antonio '),
	(812, 245, 'Parroquia San Antonio de Irapa'),
	(652, 189, 'Parroquia San Antonio de Los Altos'),
	(663, 194, 'Parroquia San Antonio de Yare'),
	(15, 1, 'parroquia san bernardino'),
	(120, 33, 'parroquia san camilo'),
	(327, 99, 'parroquia san carlos de austria'),
	(94, 26, 'parroquia san cristóbal'),
	(569, 164, 'Parroquia San Cristóbal de Torondoy'),
	(72, 18, 'parroquia san diego de cabrutica'),
	(402, 117, 'Parroquia San Félix'),
	(685, 202, 'Parroquia San Félix'),
	(819, 247, 'Parroquia San Fernando'),
	(657, 190, 'Parroquia San Fernando del Guapo'),
	(87, 22, 'parroquia san francisco'),
	(265, 73, 'parroquia san francisco'),
	(610, 174, 'Parroquia San Francisco'),
	(674, 198, 'Parroquia San Francisco'),
	(734, 219, 'Parroquia San Francisco'),
	(457, 138, 'Parroquia San Francisco de Macaira'),
	(461, 139, 'Parroquia San Francisco de Tiznados'),
	(662, 194, 'Parroquia San Francisco de Yare'),
	(404, 118, 'Parroquia San Gabriel'),
	(271, 75, 'parroquia san isidro'),
	(779, 235, 'Parroquia San Isidro Labrador'),
	(49, 9, 'parroquia san joaquín'),
	(875, 266, 'Parroquia San Joaquín de Navay'),
	(16, 1, 'parroquia san josé'),
	(344, 104, 'Parroquia San José'),
	(918, 281, 'Parroquia San José'),
	(928, 283, 'Parroquia San José'),
	(782, 237, 'Parroquia San José de Aerocuar'),
	(626, 178, 'Parroquia San José de Barlovento'),
	(469, 142, 'Parroquia San José de Guaribe'),
	(418, 122, 'Parroquia San José de la Costa'),
	(746, 225, 'Parroquia San José de la Montaña'),
	(774, 234, 'Parroquia San José de Saguaz'),
	(462, 139, 'Parroquia San José de Tiznados'),
	(473, 144, 'Parroquia San José de Unare'),
	(558, 159, 'Parroquia San José del Sur'),
	(17, 1, 'parroquia san juan'),
	(607, 173, 'Parroquia San Juan'),
	(830, 249, 'Parroquia San Juan'),
	(889, 273, 'Parroquia San Juan Bautista'),
	(747, 225, 'Parroquia San Juan de Guanaguanare'),
	(788, 238, 'Parroquia San Juan de Las Galdonas'),
	(352, 105, 'Parroquia San Juan de los Cayos'),
	(820, 247, 'Parroquia San Lorenzo'),
	(463, 139, 'Parroquia San Lorenzo de Tiznados'),
	(356, 106, 'Parroquia San Luis'),
	(993, 299, 'Parroquia San Luis '),
	(53, 11, 'parroquia san miguel'),
	(493, 148, 'Parroquia San Miguel'),
	(530, 153, 'Parroquia San Miguel'),
	(917, 281, 'Parroquia San Miguel'),
	(69, 17, 'parroquia san pablo'),
	(896, 276, 'Parroquia San Pablo'),
	(18, 1, 'parroquia san pedro'),
	(645, 186, 'Parroquia San Pedro'),
	(841, 253, 'Parroquia San Pedro del Río'),
	(350, 104, 'Parroquia San Rafael'),
	(598, 170, 'Parroquia San Rafael'),
	(591, 167, 'Parroquia San Rafael de Alcázar'),
	(130, 36, 'parroquia san rafael de atamaica'),
	(465, 140, 'Parroquia San Rafael de Laya'),
	(458, 138, 'Parroquia San Rafael de Orituco'),
	(772, 234, 'Parroquia San Rafael de Palo Alzado'),
	(890, 273, 'Parroquia San Sebastián'),
	(192, 58, 'parroquia san silvestre'),
	(697, 205, 'Parroquia San Simón'),
	(116, 32, 'parroquia san vicente'),
	(703, 205, 'Parroquia San Vicente'),
	(369, 109, 'Parroquia Santa Ana'),
	(405, 118, 'Parroquia Santa Ana'),
	(961, 292, 'Parroquia Santa Ana'),
	(615, 175, 'Parroquia Santa Apolonia'),
	(943, 288, 'Parroquia Santa Apolonia '),
	(56, 12, 'parroquia santa bárbara'),
	(210, 61, 'parroquia santa bárbara'),
	(266, 73, 'parroquia santa bárbara'),
	(651, 188, 'Parroquia Santa Bárbara'),
	(228, 65, 'parroquia santa catalina'),
	(797, 240, 'Parroquia Santa Catalina'),
	(73, 18, 'parroquia santa clara'),
	(698, 205, 'Parroquia Santa Cruz'),
	(778, 235, 'Parroquia Santa Cruz'),
	(824, 248, 'Parroquia Santa Cruz'),
	(933, 284, 'Parroquia Santa Cruz'),
	(425, 127, 'Parroquia Santa Cruz de Bucaral'),
	(230, 66, 'parroquia santa cruz de guacas'),
	(766, 232, 'Parroquia Santa Fe'),
	(78, 19, 'parroquia santa inés'),
	(193, 58, 'parroquia santa inés'),
	(828, 249, 'Parroquia Santa Inés'),
	(903, 280, 'Parroquia Santa Isabel'),
	(194, 58, 'parroquia santa lucía'),
	(658, 191, 'Parroquia Santa Lucía'),
	(825, 248, 'Parroquia Santa María'),
	(954, 290, 'Parroquia Santa María del Horcón '),
	(937, 285, 'Parroquia Santa Rita'),
	(446, 135, 'Parroquia Santa Rita de Manapire'),
	(84, 21, 'parroquia santa rosa'),
	(224, 64, 'parroquia santa rosa'),
	(483, 147, 'Parroquia Santa Rosa'),
	(798, 240, 'Parroquia Santa Rosa'),
	(19, 1, 'parroquia santa rosalía'),
	(20, 1, 'parroquia santa teresa'),
	(799, 240, 'Parroquia Santa Teresa'),
	(647, 187, 'Parroquia Santa Teresa del Tuy'),
	(988, 298, 'Parroquia Santiago'),
	(852, 257, 'Parroquia Santo Domingo'),
	(336, 101, 'Parroquia Santos de Abelgas'),
	(508, 151, 'Parroquia Sarare'),
	(363, 107, 'Parroquia Seque'),
	(27, 2, 'parroquia sierra parima'),
	(236, 67, 'parroquia simón bolívar'),
	(893, 275, 'Parroquia Simón Rodríguez '),
	(36, 5, 'parroquia sipapo'),
	(528, 153, 'Parroquia Siquisique'),
	(45, 8, 'parroquia solano'),
	(813, 245, 'Parroquia Soro'),
	(448, 136, 'Parroquia Sosa'),
	(459, 138, 'Parroquia Soublette'),
	(21, 1, 'parroquia sucre'),
	(54, 11, 'parroquia sucre'),
	(320, 94, 'parroquia sucre'),
	(422, 125, 'Parroquia Sucre'),
	(727, 215, 'Parroquia Sucre'),
	(894, 276, 'Parroquia Sucre '),
	(692, 204, 'Parroquia Tabasca'),
	(633, 180, 'Parroquia Tacarigua'),
	(655, 190, 'Parroquia Tacarigua de La Laguna'),
	(646, 186, 'Parroquia Tácata'),
	(710, 206, 'Parroquia Taguaya'),
	(484, 147, 'Parroquia Tamaca'),
	(783, 237, 'Parroquia Tavera Acosta'),
	(682, 201, 'Parroquia Teresén'),
	(767, 232, 'Parroquia Thermo Morles'),
	(183, 56, 'parroquia ticoporo'),
	(318, 93, 'parroquia tinaquillo'),
	(494, 148, 'Parroquia Tintorero'),
	(412, 119, 'Parroquia Tocuyo de la Costa'),
	(102, 28, 'parroquia tomás alfaro calatrava'),
	(524, 152, 'Parroquia Torres'),
	(195, 58, 'parroquia torunos'),
	(611, 174, 'Parroquia Tovar'),
	(946, 288, 'Parroquia Tres de Febrero  '),
	(983, 297, 'Parroquia Tres Esquinas '),
	(750, 226, 'Parroquia Trinidad de la Capilla'),
	(511, 152, 'Parroquia Trinidad Samuel'),
	(420, 124, 'Parroquia Tucacas'),
	(989, 298, 'Parroquia Tuñame'),
	(793, 239, 'Parroquia Tunapuicito'),
	(807, 244, 'Parroquia Tunapuy'),
	(28, 3, 'parroquia ucata'),
	(237, 67, 'parroquia unare'),
	(485, 147, 'Parroquia Unión'),
	(794, 239, 'Parroquia Unión'),
	(238, 67, 'parroquia universidad'),
	(105, 30, 'parroquia urbana achaguas'),
	(284, 80, 'parroquia urbana aguas calientes'),
	(140, 39, 'parroquia urbana andrés eloy blanco'),
	(297, 88, 'parroquia urbana bartolomé salom'),
	(278, 78, 'parroquia urbana bejuma'),
	(111, 31, 'parroquia urbana biruaca'),
	(112, 32, 'parroquia urbana bruzual'),
	(307, 91, 'parroquia urbana candelaria'),
	(308, 91, 'parroquia urbana catedral'),
	(286, 81, 'parroquia urbana ciudad alianza'),
	(298, 88, 'parroquia urbana democracia'),
	(309, 91, 'parroquia urbana el socorro'),
	(125, 35, 'parroquia urbana elorza'),
	(299, 88, 'parroquia urbana fraternidad'),
	(300, 88, 'parroquia urbana goaigoaza'),
	(287, 81, 'parroquia urbana guacara'),
	(117, 33, 'parroquia urbana guasdualito'),
	(281, 79, 'parroquia urbana güigüe'),
	(292, 83, 'parroquia urbana independencia'),
	(137, 39, 'parroquia urbana joaquín crespo'),
	(139, 39, 'parroquia urbana josé casanova godoy'),
	(301, 88, 'parroquia urbana juan josé flores'),
	(135, 39, 'parroquia urbana las delicias'),
	(293, 84, 'parroquia urbana los guayos'),
	(141, 39, 'parroquia urbana los tacariguas'),
	(136, 39, 'parroquia urbana madre maría de san josé'),
	(285, 80, 'parroquia urbana mariara'),
	(310, 91, 'parroquia urbana miguel peña'),
	(294, 85, 'parroquia urbana miranda'),
	(295, 86, 'parroquia urbana montalbán'),
	(289, 82, 'parroquia urbana morón'),
	(296, 87, 'parroquia urbana naguanagua'),
	(138, 39, 'parroquia urbana pedro josé ovalles'),
	(311, 91, 'parroquia urbana rafael urdaneta'),
	(312, 91, 'parroquia urbana san blas'),
	(305, 89, 'parroquia urbana san diego'),
	(127, 36, 'parroquia urbana san fernando'),
	(306, 90, 'parroquia urbana san joaquín'),
	(313, 91, 'parroquia urbana san josé'),
	(122, 34, 'parroquia urbana san juan de payara'),
	(314, 91, 'parroquia urbana santa rosa'),
	(291, 83, 'parroquia urbana tocuyito'),
	(302, 88, 'parroquia urbana unión'),
	(121, 33, 'parroquia urdaneta'),
	(85, 21, 'parroquia urica'),
	(428, 128, 'Parroquia Urumaco'),
	(773, 234, 'Parroquia Uvencio Antonio Velásquez'),
	(743, 224, 'Parroquia Uveral'),
	(74, 18, 'parroquia uverito'),
	(437, 130, 'Parroquia Uverito'),
	(829, 249, 'Parroquia Valentín Valiente'),
	(951, 289, 'Parroquia Valerita '),
	(55, 12, 'parroquia valle de guanape'),
	(976, 296, 'Parroquia Valmore Rodríguez '),
	(914, 281, 'Parroquia Vega de Guaramacal'),
	(738, 221, 'Parroquia Vicente Fuentes'),
	(39, 6, 'parroquia victorino'),
	(686, 202, 'Parroquia Viento Fresco'),
	(821, 248, 'Parroquia Villa Frontado (Muelle de Cariaco)'),
	(775, 234, 'Parroquia Villa Rosa'),
	(748, 225, 'Parroquia Virgen de la Coromoto'),
	(351, 104, 'Parroquia Virgen del Valle'),
	(239, 67, 'parroquia vista al sol'),
	(256, 71, 'parroquia vista hermosa'),
	(531, 153, 'Parroquia Xaguas'),
	(476, 145, 'Parroquia Yacambú'),
	(801, 242, 'Parroquia Yaguaraparo'),
	(29, 3, 'parroquia yapacana'),
	(241, 67, 'parroquia yocoima'),
	(720, 213, 'Parroquia Zabala'),
	(364, 107, 'Parroquia Zazárida'),
	(434, 129, 'Parroquia Zazárida'),
	(259, 71, 'parroquia zea'),
	(75, 18, 'parroquia zuata'),
	(242, 68, 'sección capital cedeño'),
	(249, 70, 'sección capital gran sabana'),
	(260, 72, 'sección capital piar'),
	(263, 73, 'sección capital raúl leoni'),
	(267, 74, 'sección capital roscio'),
	(269, 75, 'sección capital sifontes'),
	(272, 76, 'sección capital sucre');
/*!40000 ALTER TABLE `config_parroquia` ENABLE KEYS */;


-- Volcando estructura para tabla fonjuprof.config_sexo
CREATE TABLE IF NOT EXISTS `config_sexo` (
  `sex_codigo` int(11) NOT NULL AUTO_INCREMENT,
  `sex_descripcion` varchar(250) NOT NULL,
  PRIMARY KEY (`sex_codigo`),
  UNIQUE KEY `sex_descripcion` (`sex_descripcion`)
) ENGINE=InnoDB AUTO_INCREMENT=3 DEFAULT CHARSET=utf8;

-- Volcando datos para la tabla fonjuprof.config_sexo: ~2 rows (aproximadamente)
/*!40000 ALTER TABLE `config_sexo` DISABLE KEYS */;
INSERT INTO `config_sexo` (`sex_codigo`, `sex_descripcion`) VALUES
	(2, 'femenino'),
	(1, 'masculino');
/*!40000 ALTER TABLE `config_sexo` ENABLE KEYS */;


-- Volcando estructura para tabla fonjuprof.config_status
CREATE TABLE IF NOT EXISTS `config_status` (
  `st_codigo` int(11) NOT NULL AUTO_INCREMENT,
  `st_descripcion` varchar(250) DEFAULT NULL,
  PRIMARY KEY (`st_codigo`),
  UNIQUE KEY `st_descripcion` (`st_descripcion`)
) ENGINE=InnoDB DEFAULT CHARSET=utf8;

-- Volcando datos para la tabla fonjuprof.config_status: ~0 rows (aproximadamente)
/*!40000 ALTER TABLE `config_status` DISABLE KEYS */;
/*!40000 ALTER TABLE `config_status` ENABLE KEYS */;


-- Volcando estructura para tabla fonjuprof.config_vicerrectorado
CREATE TABLE IF NOT EXISTS `config_vicerrectorado` (
  `vic_codigo` int(11) NOT NULL AUTO_INCREMENT,
  `vic_descripcion` varchar(100) COLLATE utf8_bin NOT NULL DEFAULT '0',
  PRIMARY KEY (`vic_codigo`),
  UNIQUE KEY `vic_descripcion` (`vic_descripcion`)
) ENGINE=InnoDB AUTO_INCREMENT=3 DEFAULT CHARSET=utf8 COLLATE=utf8_bin;

-- Volcando datos para la tabla fonjuprof.config_vicerrectorado: ~1 rows (aproximadamente)
/*!40000 ALTER TABLE `config_vicerrectorado` DISABLE KEYS */;
INSERT INTO `config_vicerrectorado` (`vic_codigo`, `vic_descripcion`) VALUES
	(2, 'VPDS');
/*!40000 ALTER TABLE `config_vicerrectorado` ENABLE KEYS */;


-- Volcando estructura para tabla fonjuprof.datosper_act
CREATE TABLE IF NOT EXISTS `datosper_act` (
  `datac_codigo` int(11) NOT NULL AUTO_INCREMENT,
  `datac_cedula` int(11) DEFAULT NULL,
  `datac_fecha` date DEFAULT NULL,
  PRIMARY KEY (`datac_codigo`),
  UNIQUE KEY `datac_cedula` (`datac_cedula`,`datac_fecha`)
) ENGINE=InnoDB AUTO_INCREMENT=8 DEFAULT CHARSET=utf8 COLLATE=utf8_bin;

-- Volcando datos para la tabla fonjuprof.datosper_act: ~0 rows (aproximadamente)
/*!40000 ALTER TABLE `datosper_act` DISABLE KEYS */;
/*!40000 ALTER TABLE `datosper_act` ENABLE KEYS */;


-- Volcando estructura para tabla fonjuprof.menu
CREATE TABLE IF NOT EXISTS `menu` (
  `menu_codigo` int(11) NOT NULL AUTO_INCREMENT,
  `menu_descripcion` varchar(50) DEFAULT NULL,
  `menu_icono` varchar(50) DEFAULT NULL,
  `menu_status` int(11) DEFAULT '0',
  PRIMARY KEY (`menu_codigo`)
) ENGINE=InnoDB AUTO_INCREMENT=5 DEFAULT CHARSET=utf8;

-- Volcando datos para la tabla fonjuprof.menu: ~4 rows (aproximadamente)
/*!40000 ALTER TABLE `menu` DISABLE KEYS */;
INSERT INTO `menu` (`menu_codigo`, `menu_descripcion`, `menu_icono`, `menu_status`) VALUES
	(1, 'Administracion del sistema', 'fa fa-cog', 1),
	(2, 'Configuración', 'fa fa-cog', 1),
	(3, 'prestamos', 'fa fa-credit-card', 1),
	(4, 'general', NULL, 0);
/*!40000 ALTER TABLE `menu` ENABLE KEYS */;


-- Volcando estructura para tabla fonjuprof.menu_submenu
CREATE TABLE IF NOT EXISTS `menu_submenu` (
  `subm_codigo` int(11) NOT NULL AUTO_INCREMENT,
  `subm_menucodigo` int(11) NOT NULL,
  `subm_conexion` int(11) NOT NULL,
  `subm_nivel` int(11) NOT NULL DEFAULT '1',
  `subm_descripcion` varchar(250) NOT NULL,
  `subm_icono` varchar(250) DEFAULT NULL,
  `subm_url1` varchar(250) DEFAULT NULL,
  `subm_url2` varchar(250) DEFAULT NULL,
  `subm_url3` varchar(250) DEFAULT NULL,
  `subm_url4` varchar(250) DEFAULT NULL,
  `subm_url5` varchar(250) DEFAULT NULL,
  `subm_url6` varchar(250) DEFAULT NULL,
  `subm_url7` varchar(250) DEFAULT NULL,
  `subm_url8` varchar(250) DEFAULT NULL,
  `subm_url9` varchar(250) DEFAULT NULL,
  `subm_url10` varchar(250) DEFAULT NULL,
  `subm_url11` varchar(250) DEFAULT NULL,
  `subm_url12` varchar(250) DEFAULT NULL,
  `subm_url13` varchar(250) DEFAULT NULL,
  `subm_url14` varchar(250) DEFAULT NULL,
  `subm_url15` varchar(250) DEFAULT NULL,
  `subm_url16` varchar(250) DEFAULT NULL,
  `subm_url17` varchar(250) DEFAULT NULL,
  `subm_url18` varchar(250) DEFAULT NULL,
  `subm_url19` varchar(250) DEFAULT NULL,
  `subm_url20` varchar(250) DEFAULT NULL,
  `subm_modelo` varchar(250) DEFAULT NULL,
  `subm_jquery` varchar(250) DEFAULT NULL,
  `subm_status` int(11) NOT NULL DEFAULT '1',
  PRIMARY KEY (`subm_codigo`),
  KEY `FK_menu_submenu_menu` (`subm_menucodigo`),
  CONSTRAINT `FK_menu_submenu_menu` FOREIGN KEY (`subm_menucodigo`) REFERENCES `menu` (`menu_codigo`) ON DELETE CASCADE ON UPDATE CASCADE
) ENGINE=InnoDB AUTO_INCREMENT=12 DEFAULT CHARSET=utf8;

-- Volcando datos para la tabla fonjuprof.menu_submenu: ~10 rows (aproximadamente)
/*!40000 ALTER TABLE `menu_submenu` DISABLE KEYS */;
INSERT INTO `menu_submenu` (`subm_codigo`, `subm_menucodigo`, `subm_conexion`, `subm_nivel`, `subm_descripcion`, `subm_icono`, `subm_url1`, `subm_url2`, `subm_url3`, `subm_url4`, `subm_url5`, `subm_url6`, `subm_url7`, `subm_url8`, `subm_url9`, `subm_url10`, `subm_url11`, `subm_url12`, `subm_url13`, `subm_url14`, `subm_url15`, `subm_url16`, `subm_url17`, `subm_url18`, `subm_url19`, `subm_url20`, `subm_modelo`, `subm_jquery`, `subm_status`) VALUES
	(1, 1, 0, 1, 'crear usuarios', 'fa fa-users', 'sistema/adminsistema/usuarios.php', NULL, NULL, NULL, NULL, NULL, NULL, NULL, NULL, NULL, NULL, NULL, NULL, NULL, NULL, NULL, NULL, NULL, NULL, NULL, 'sistema/adminsistema/modelo.php', 'sistema/adminsistema/script.js', 1),
	(2, 1, 0, 1, 'asignar permisos', 'fa fa-key', 'sistema/adminsistema/perfiles/perfiles.php', 'sistema/adminsistema/perfiles/menu_list.php', 'sistema/adminsistema/perfiles/menu_accion.php', NULL, NULL, NULL, NULL, NULL, NULL, NULL, NULL, NULL, NULL, NULL, NULL, NULL, NULL, NULL, NULL, '', 'sistema/adminsistema/perfiles/modelo.php', 'sistema/adminsistema/perfiles/script.js', 1),
	(3, 2, 0, 1, 'tipo de amortización', 'fa fa-cog', 'sistema/configuraciones/amortizacion/amortizacion.php', NULL, NULL, NULL, NULL, NULL, NULL, NULL, NULL, NULL, NULL, NULL, NULL, NULL, NULL, NULL, NULL, NULL, NULL, NULL, 'sistema/configuraciones/amortizacion/modelo.php', 'sistema/configuraciones/amortizacion/script.js', 1),
	(4, 2, 0, 1, 'banco', 'fa fa-cog', 'sistema/configuraciones/banco/banco.php', NULL, NULL, NULL, NULL, NULL, NULL, NULL, NULL, NULL, NULL, NULL, NULL, NULL, NULL, NULL, NULL, NULL, NULL, NULL, 'sistema/configuraciones/banco/modelo.php', 'sistema/configuraciones/banco/script.js', 1),
	(5, 2, 0, 1, 'nomina', 'fa fa-cog', 'sistema/configuraciones/nomina/nomina.php', NULL, NULL, NULL, NULL, NULL, NULL, NULL, NULL, NULL, NULL, NULL, NULL, NULL, NULL, NULL, NULL, NULL, NULL, NULL, 'sistema/configuraciones/nomina/modelo.php', 'sistema/configuraciones/nomina/script.js', 1),
	(7, 3, 0, 1, 'tipo de prestamo', 'fa fa-cog', 'sistema/prestamos/prestamo/prestamo.php', NULL, NULL, NULL, NULL, NULL, NULL, NULL, NULL, NULL, NULL, NULL, NULL, NULL, NULL, NULL, NULL, NULL, NULL, NULL, 'sistema/prestamos/prestamo/modelo.php', 'sistema/prestamos/prestamo/script.js', 1),
	(8, 2, 0, 1, 'vicerrectorado', 'fa fa-cog', 'sistema/configuraciones/vicerrectorado/vicerrectorado.php', NULL, NULL, NULL, NULL, NULL, NULL, NULL, NULL, NULL, NULL, NULL, NULL, NULL, NULL, NULL, NULL, NULL, NULL, NULL, 'sistema/configuraciones/vicerrectorado/modelo.php', 'sistema/configuraciones/vicerrectorado/script.js', 1),
	(9, 3, 0, 1, 'cola de prestamos', 'fa fa-cog', 'sistema/prestamos/cola_prestamo/cola.php', NULL, NULL, NULL, NULL, NULL, NULL, NULL, NULL, NULL, NULL, NULL, NULL, NULL, NULL, NULL, NULL, NULL, NULL, NULL, 'sistema/prestamos/cola_prestamo/modelo.php', 'sistema/prestamos/cola_prestamo/script.js', 1),
	(10, 3, 0, 1, 'solicitar prestamo', 'fa fa-money', 'sistema/prestamos/solicitar/solicitar.php', NULL, NULL, NULL, NULL, NULL, NULL, NULL, NULL, NULL, NULL, NULL, NULL, NULL, NULL, NULL, NULL, NULL, NULL, 'sistema/prestamos/solicitar/modelo.php', 'sistema/prestamos/solicitar/modelo.php', 'sistema/prestamos/solicitar/script.js', 1),
	(11, 4, 0, 1, 'actualizar datos', NULL, 'sistema/general/actualizar/actualizar.php', NULL, NULL, NULL, NULL, NULL, NULL, NULL, NULL, NULL, NULL, NULL, NULL, NULL, NULL, NULL, NULL, NULL, NULL, NULL, 'sistema/general/actualizar/modelo.php', 'sistema/general/actualizar/script.js', 1);
/*!40000 ALTER TABLE `menu_submenu` ENABLE KEYS */;


-- Volcando estructura para tabla fonjuprof.perfiles
CREATE TABLE IF NOT EXISTS `perfiles` (
  `perf_codigo` int(11) NOT NULL AUTO_INCREMENT,
  `perf_descripcion` varchar(50) DEFAULT NULL,
  PRIMARY KEY (`perf_codigo`)
) ENGINE=InnoDB AUTO_INCREMENT=4 DEFAULT CHARSET=utf8;

-- Volcando datos para la tabla fonjuprof.perfiles: ~2 rows (aproximadamente)
/*!40000 ALTER TABLE `perfiles` DISABLE KEYS */;
INSERT INTO `perfiles` (`perf_codigo`, `perf_descripcion`) VALUES
	(1, 'GOD'),
	(2, 'Administrador'),
	(3, 'Asociado');
/*!40000 ALTER TABLE `perfiles` ENABLE KEYS */;


-- Volcando estructura para tabla fonjuprof.perfiles_det
CREATE TABLE IF NOT EXISTS `perfiles_det` (
  `perdet_codigo` int(11) NOT NULL AUTO_INCREMENT,
  `perdet_perfcodigo` int(11) DEFAULT NULL,
  `perdet_menucodigo` int(11) DEFAULT NULL,
  `perdet_submcodigo` int(11) DEFAULT NULL,
  `perdet_S` int(11) DEFAULT '1',
  `perdet_U` int(11) DEFAULT '1',
  `perdet_D` int(11) DEFAULT '1',
  `perdet_I` int(11) DEFAULT '1',
  `perdet_P` int(11) DEFAULT '1',
  PRIMARY KEY (`perdet_codigo`),
  UNIQUE KEY `perdet_perfcodigo` (`perdet_menucodigo`,`perdet_submcodigo`,`perdet_perfcodigo`),
  KEY `FK_perfiles_det_menu` (`perdet_menucodigo`),
  KEY `FK_perfiles_det_menu_submenu` (`perdet_submcodigo`),
  KEY `FK_perfiles_det_perfiles` (`perdet_perfcodigo`),
  CONSTRAINT `FK_perfiles_det_menu` FOREIGN KEY (`perdet_menucodigo`) REFERENCES `menu` (`menu_codigo`),
  CONSTRAINT `FK_perfiles_det_menu_submenu` FOREIGN KEY (`perdet_submcodigo`) REFERENCES `menu_submenu` (`subm_codigo`),
  CONSTRAINT `FK_perfiles_det_perfiles` FOREIGN KEY (`perdet_perfcodigo`) REFERENCES `perfiles` (`perf_codigo`)
) ENGINE=InnoDB AUTO_INCREMENT=36 DEFAULT CHARSET=utf8;

-- Volcando datos para la tabla fonjuprof.perfiles_det: ~9 rows (aproximadamente)
/*!40000 ALTER TABLE `perfiles_det` DISABLE KEYS */;
INSERT INTO `perfiles_det` (`perdet_codigo`, `perdet_perfcodigo`, `perdet_menucodigo`, `perdet_submcodigo`, `perdet_S`, `perdet_U`, `perdet_D`, `perdet_I`, `perdet_P`) VALUES
	(1, 1, 1, 1, 1, 1, 1, 1, 1),
	(2, 1, 1, 2, 1, 1, 1, 1, 1),
	(11, 1, 2, 3, 1, 1, 1, 1, 1),
	(15, 1, 2, 4, 1, 1, 1, 1, 1),
	(19, 1, 2, 5, 1, 1, 1, 1, 1),
	(23, 1, 3, 7, 1, 1, 1, 1, 1),
	(24, 1, 2, 8, 1, 1, 1, 1, 1),
	(28, 1, 3, 9, 1, 1, 1, 1, 1),
	(32, 1, 3, 10, 1, 1, 1, 1, 1);
/*!40000 ALTER TABLE `perfiles_det` ENABLE KEYS */;


-- Volcando estructura para tabla fonjuprof.persona
CREATE TABLE IF NOT EXISTS `persona` (
  `per_codigo` int(11) NOT NULL AUTO_INCREMENT,
  `per_cedula` int(11) DEFAULT NULL,
  `per_nombres` varchar(50) DEFAULT NULL,
  `per_apellidos` varchar(50) DEFAULT NULL,
  PRIMARY KEY (`per_codigo`),
  UNIQUE KEY `per_cedula` (`per_cedula`)
) ENGINE=InnoDB AUTO_INCREMENT=3 DEFAULT CHARSET=utf8;

-- Volcando datos para la tabla fonjuprof.persona: ~2 rows (aproximadamente)
/*!40000 ALTER TABLE `persona` DISABLE KEYS */;
INSERT INTO `persona` (`per_codigo`, `per_cedula`, `per_nombres`, `per_apellidos`) VALUES
	(1, 12345, 'GOD', 'GOD'),
	(2, 123123, 'administrador', 'admin');
/*!40000 ALTER TABLE `persona` ENABLE KEYS */;


-- Volcando estructura para tabla fonjuprof.prestamos
CREATE TABLE IF NOT EXISTS `prestamos` (
  `prest_codigo` int(11) NOT NULL AUTO_INCREMENT,
  `prest_descripcion` varchar(250) NOT NULL,
  `prest_amortcodigo` int(11) NOT NULL,
  `prest_interes` decimal(10,2) NOT NULL,
  `prest_cuotas` int(11) NOT NULL,
  `prest_limite` decimal(10,2) NOT NULL,
  PRIMARY KEY (`prest_codigo`),
  UNIQUE KEY `prest_descripcion` (`prest_amortcodigo`,`prest_descripcion`),
  CONSTRAINT `FK_prestamos_config_amort` FOREIGN KEY (`prest_amortcodigo`) REFERENCES `config_amort` (`amort_codigo`)
) ENGINE=InnoDB AUTO_INCREMENT=4 DEFAULT CHARSET=utf8;

-- Volcando datos para la tabla fonjuprof.prestamos: ~1 rows (aproximadamente)
/*!40000 ALTER TABLE `prestamos` DISABLE KEYS */;
INSERT INTO `prestamos` (`prest_codigo`, `prest_descripcion`, `prest_amortcodigo`, `prest_interes`, `prest_cuotas`, `prest_limite`) VALUES
	(3, 'APOYO A LA EMERGENCIA MEDICA', 5, 12.00, 12, 30000.00);
/*!40000 ALTER TABLE `prestamos` ENABLE KEYS */;


-- Volcando estructura para tabla fonjuprof.prestamos_cola
CREATE TABLE IF NOT EXISTS `prestamos_cola` (
  `col_codigo` int(11) NOT NULL AUTO_INCREMENT,
  `col_fecdesde` date NOT NULL,
  `col_fechasta` date NOT NULL,
  `col_viccodigo` int(11) NOT NULL,
  `col_prestcodigo` int(11) NOT NULL,
  `col_cantidad` int(11) NOT NULL,
  PRIMARY KEY (`col_codigo`),
  KEY `col_viccodigo` (`col_prestcodigo`,`col_viccodigo`),
  KEY `FK_config_cola_vicerrectorado` (`col_viccodigo`),
  CONSTRAINT `FK_config_cola_prestamos` FOREIGN KEY (`col_prestcodigo`) REFERENCES `prestamos` (`prest_codigo`),
  CONSTRAINT `FK_config_cola_vicerrectorado` FOREIGN KEY (`col_viccodigo`) REFERENCES `config_vicerrectorado` (`vic_codigo`)
) ENGINE=InnoDB AUTO_INCREMENT=3 DEFAULT CHARSET=utf8 COLLATE=utf8_bin;

-- Volcando datos para la tabla fonjuprof.prestamos_cola: ~1 rows (aproximadamente)
/*!40000 ALTER TABLE `prestamos_cola` DISABLE KEYS */;
INSERT INTO `prestamos_cola` (`col_codigo`, `col_fecdesde`, `col_fechasta`, `col_viccodigo`, `col_prestcodigo`, `col_cantidad`) VALUES
	(2, '2017-01-01', '2017-12-31', 2, 3, 12);
/*!40000 ALTER TABLE `prestamos_cola` ENABLE KEYS */;


-- Volcando estructura para tabla fonjuprof.redirecciones
CREATE TABLE IF NOT EXISTS `redirecciones` (
  `redir_codigo` int(11) NOT NULL AUTO_INCREMENT,
  `redir_descripcion` varchar(50) DEFAULT NULL,
  `redir_url1` varchar(50) DEFAULT NULL,
  `redir_modelo` varchar(50) DEFAULT NULL,
  `redir_jquery` varchar(50) DEFAULT NULL,
  PRIMARY KEY (`redir_codigo`)
) ENGINE=InnoDB AUTO_INCREMENT=2 DEFAULT CHARSET=utf8;

-- Volcando datos para la tabla fonjuprof.redirecciones: ~0 rows (aproximadamente)
/*!40000 ALTER TABLE `redirecciones` DISABLE KEYS */;
INSERT INTO `redirecciones` (`redir_codigo`, `redir_descripcion`, `redir_url1`, `redir_modelo`, `redir_jquery`) VALUES
	(1, 'Pagina principal', 'sistema/index.php', '', '');
/*!40000 ALTER TABLE `redirecciones` ENABLE KEYS */;


-- Volcando estructura para tabla fonjuprof.sistema_accion_inf
CREATE TABLE IF NOT EXISTS `sistema_accion_inf` (
  `id` int(11) NOT NULL AUTO_INCREMENT,
  `Archivo` varchar(150) COLLATE utf8_unicode_ci NOT NULL,
  `SubMenu` int(11) NOT NULL,
  `Status` int(11) NOT NULL,
  PRIMARY KEY (`id`)
) ENGINE=InnoDB DEFAULT CHARSET=utf8 COLLATE=utf8_unicode_ci;

-- Volcando datos para la tabla fonjuprof.sistema_accion_inf: ~0 rows (aproximadamente)
/*!40000 ALTER TABLE `sistema_accion_inf` DISABLE KEYS */;
/*!40000 ALTER TABLE `sistema_accion_inf` ENABLE KEYS */;


-- Volcando estructura para tabla fonjuprof.sistema_clases
CREATE TABLE IF NOT EXISTS `sistema_clases` (
  `id` int(11) NOT NULL AUTO_INCREMENT,
  `idMenu` int(11) NOT NULL,
  `UrlClase` varchar(200) COLLATE utf8mb4_unicode_ci NOT NULL,
  `Status` int(1) NOT NULL,
  PRIMARY KEY (`id`)
) ENGINE=InnoDB AUTO_INCREMENT=4 DEFAULT CHARSET=utf8mb4 COLLATE=utf8mb4_unicode_ci;

-- Volcando datos para la tabla fonjuprof.sistema_clases: ~3 rows (aproximadamente)
/*!40000 ALTER TABLE `sistema_clases` DISABLE KEYS */;
INSERT INTO `sistema_clases` (`id`, `idMenu`, `UrlClase`, `Status`) VALUES
	(1, 0, '../includes/adicional.php', 0),
	(2, 0, '../includes/combos.php', 0),
	(3, 0, '../includes/tools.php', 0);
/*!40000 ALTER TABLE `sistema_clases` ENABLE KEYS */;


-- Volcando estructura para tabla fonjuprof.solicitudes
CREATE TABLE IF NOT EXISTS `solicitudes` (
  `sol_codigo` int(11) NOT NULL AUTO_INCREMENT,
  `sol_fecha` datetime NOT NULL DEFAULT CURRENT_TIMESTAMP,
  `sol_asoccodigo` int(11) NOT NULL,
  `sol_prestcodigo` int(11) NOT NULL,
  `sol_amortcodigo` int(11) NOT NULL,
  `sol_monto` decimal(10,2) NOT NULL,
  `sol_status` int(11) NOT NULL COMMENT '1 en proceso, 2 Eliminado, 3 Rechazado',
  PRIMARY KEY (`sol_codigo`),
  KEY `FK_solicitudes_asociado` (`sol_asoccodigo`),
  KEY `FK_solicitudes_prestamos` (`sol_prestcodigo`),
  KEY `FK_solicitudes_config_status` (`sol_status`),
  KEY `FK_solicitudes_config_amort` (`sol_amortcodigo`),
  CONSTRAINT `FK_solicitudes_asociado` FOREIGN KEY (`sol_asoccodigo`) REFERENCES `asociado` (`asoc_codigo`),
  CONSTRAINT `FK_solicitudes_config_amort` FOREIGN KEY (`sol_amortcodigo`) REFERENCES `config_amort` (`amort_codigo`),
  CONSTRAINT `FK_solicitudes_config_status` FOREIGN KEY (`sol_status`) REFERENCES `config_status` (`st_codigo`),
  CONSTRAINT `FK_solicitudes_prestamos` FOREIGN KEY (`sol_prestcodigo`) REFERENCES `prestamos` (`prest_codigo`)
) ENGINE=InnoDB DEFAULT CHARSET=utf8;

-- Volcando datos para la tabla fonjuprof.solicitudes: ~0 rows (aproximadamente)
/*!40000 ALTER TABLE `solicitudes` DISABLE KEYS */;
/*!40000 ALTER TABLE `solicitudes` ENABLE KEYS */;


-- Volcando estructura para tabla fonjuprof.usuarios
CREATE TABLE IF NOT EXISTS `usuarios` (
  `id` int(11) NOT NULL AUTO_INCREMENT,
  `Cedula` int(11) NOT NULL DEFAULT '0',
  `Usuario` varchar(20) COLLATE utf8_unicode_ci NOT NULL DEFAULT '',
  `contrasena` varchar(250) COLLATE utf8_unicode_ci NOT NULL,
  `Tipo` varchar(20) COLLATE utf8_unicode_ci NOT NULL,
  `Nivel` varchar(80) COLLATE utf8_unicode_ci DEFAULT NULL,
  `Stilo` int(1) NOT NULL,
  `theme_color` varchar(10) COLLATE utf8_unicode_ci NOT NULL,
  `Codigo` varchar(10) COLLATE utf8_unicode_ci DEFAULT NULL,
  `Registro` varchar(6) COLLATE utf8_unicode_ci DEFAULT NULL,
  `Fecha` datetime NOT NULL,
  `Img_perfil` varchar(50) COLLATE utf8_unicode_ci NOT NULL,
  `Observacion` varchar(200) COLLATE utf8_unicode_ci DEFAULT NULL,
  PRIMARY KEY (`id`),
  UNIQUE KEY `Usuario` (`Usuario`),
  UNIQUE KEY `Cedula_2` (`Tipo`,`Cedula`),
  KEY `Tipo` (`Cedula`,`Tipo`,`Usuario`),
  KEY `Cedula` (`Codigo`,`Usuario`,`Cedula`),
  CONSTRAINT `FK_usuarios_persona` FOREIGN KEY (`Cedula`) REFERENCES `persona` (`per_cedula`)
) ENGINE=InnoDB AUTO_INCREMENT=7 DEFAULT CHARSET=utf8 COLLATE=utf8_unicode_ci CHECKSUM=1;

-- Volcando datos para la tabla fonjuprof.usuarios: ~3 rows (aproximadamente)
/*!40000 ALTER TABLE `usuarios` DISABLE KEYS */;
INSERT INTO `usuarios` (`id`, `Cedula`, `Usuario`, `contrasena`, `Tipo`, `Nivel`, `Stilo`, `theme_color`, `Codigo`, `Registro`, `Fecha`, `Img_perfil`, `Observacion`) VALUES
	(1, 12345, 'GOD', 'a1b995eb2627f17bfd5fcb1de8533c62', 'GOD', '1', 0, '', NULL, NULL, '0000-00-00 00:00:00', '19191493.jpg', NULL),
	(5, 123123, 'admin', '21232f297a57a5a743894a0e4a801fc3', 'Empleado', '2', 0, '', '219c6', NULL, '0000-00-00 00:00:00', 'unelllez.png', NULL),
	(6, 123123, '', '', '', NULL, 0, '', '219c6', NULL, '0000-00-00 00:00:00', '', NULL);
/*!40000 ALTER TABLE `usuarios` ENABLE KEYS */;
/*!40101 SET SQL_MODE=IFNULL(@OLD_SQL_MODE, '') */;
/*!40014 SET FOREIGN_KEY_CHECKS=IF(@OLD_FOREIGN_KEY_CHECKS IS NULL, 1, @OLD_FOREIGN_KEY_CHECKS) */;
/*!40101 SET CHARACTER_SET_CLIENT=@OLD_CHARACTER_SET_CLIENT */;
